{"win": {"x64": {"args": [["/property:Configuration=Release", "/property:Platform=x64", "/t:Rebuild", "/m", "Hv_untitled_adf9e3cef0d1_WwiseSourcePlugin.sln"]], "binaryDir": ["build", "win", "x64", "Release"], "projectDir": ["vs2015"]}, "x86": {"args": [["/property:Configuration=Release", "/property:Platform=x86", "/t:Rebuild", "/m", "Hv_untitled_adf9e3cef0d1_WwiseSourcePlugin.sln"]], "binaryDir": ["build", "win", "x86", "Release"], "projectDir": ["vs2015"]}}, "macos": {"x64": {"args": [["-arch", "x86_64", "-target", "Hv_untitled_adf9e3cef0d1_WwiseSourcePlugin", "-project", "Hv_untitled_adf9e3cef0d1_WwiseSourcePlugin.xcodeproj"]], "binaryDir": ["build", "macos", "x86_64", "Release"], "projectDir": ["xcode"]}}, "ios": {"armv7a": {"args": [["-arch", "armv7s", "-target", "Hv_untitled_adf9e3cef0d1_WwiseSourcePlugin_iOS", "-project", "Hv_untitled_adf9e3cef0d1_WwiseSourcePlugin.xcodeproj"]], "binaryDir": ["build", "ios", "armv7s", "Release"], "projectDir": ["xcode"]}}, "linux": {"x64": {"args": [["-j"]], "binaryDir": ["build", "linux", "x64", "release"], "projectDir": ["linux"]}}}