{"control": {"sendMessage": [{"onMessage": [[{"id": "kKPT31pL", "inletIndex": 0}]], "id": "l7NYXlDx"}, {"onMessage": [[{"id": "wjjPRD9l", "inletIndex": 0}], [{"id": "wjjPRD9l", "inletIndex": 0}, {"id": "kKPT31pL", "inletIndex": 1}, {"id": "l7NYXlDx", "inletIndex": 0}]], "id": "VyGjlv8H"}, {"onMessage": [[{"id": "kKPT31pL", "inletIndex": 0}]], "id": "wjjPRD9l"}, {"onMessage": [[{"id": "58QQQpvX", "inletIndex": 0}]], "id": "kKPT31pL"}, {"onMessage": [[{"id": "O9I5FxQJ", "inletIndex": 0}]], "id": "58QQQpvX"}, {"onMessage": [[{"id": "JwY4ePBe", "inletIndex": 0}]], "id": "bDXyAGkg"}, {"onMessage": [[{"id": "bDXyAGkg", "inletIndex": 0}]], "id": "g0U7OH78"}, {"onMessage": [[{"id": "bDXyAGkg", "inletIndex": 0}]], "id": "Csh7MKcM"}, {"onMessage": [[{"id": "g0U7OH78", "inletIndex": 0}], [{"id": "g0U7OH78", "inletIndex": 0}, {"id": "bDXyAGkg", "inletIndex": 1}, {"id": "Csh7MKcM", "inletIndex": 0}]], "id": "Ff0ZEz5u"}, {"onMessage": [[{"id": "HkPYrhgD", "inletIndex": 0}]], "id": "JwY4ePBe"}, {"onMessage": [[{"id": "b1PMWNcH", "inletIndex": 0}, {"id": "8BokTLog", "inletIndex": 0}, {"id": "7NeheNXA", "inletIndex": 0}, {"id": "5r1jz5rv", "inletIndex": 0}, {"id": "l9pkZRJi", "inletIndex": 0}, {"id": "0wnkE7bP", "inletIndex": 0}, {"id": "0hAwXbFm", "inletIndex": 0}, {"id": "Wqhpdffn", "inletIndex": 0}, {"id": "gSk693sR", "inletIndex": 0}, {"id": "mmtTGHOJ", "inletIndex": 0}]], "id": "vCXQkZey"}, {"onMessage": [[]], "id": "BywJqmEx"}, {"onMessage": [[{"id": "HkPYrhgD", "inletIndex": 0}]], "id": "qGFYiY3B"}, {"onMessage": [[{"id": "O9I5FxQJ", "inletIndex": 0}]], "id": "7BNzm6TF"}, {"onMessage": [[{"id": "jm4GjAyW", "inletIndex": 0}]], "id": "xfAhaEfX"}, {"onMessage": [[{"id": "1UqA0RAB", "inletIndex": 0}], [{"id": "1UqA0RAB", "inletIndex": 0}, {"id": "jm4GjAyW", "inletIndex": 1}, {"id": "xfAhaEfX", "inletIndex": 0}]], "id": "azVQKsvL"}, {"onMessage": [[{"id": "jm4GjAyW", "inletIndex": 0}]], "id": "1UqA0RAB"}, {"onMessage": [[{"id": "qGFYiY3B", "inletIndex": 0}]], "id": "jm4GjAyW"}, {"onMessage": [[{"id": "vgxdOnL2", "inletIndex": 1}]], "id": "QSNP00OJ"}, {"onMessage": [[{"id": "QSNP00OJ", "inletIndex": 0}, {"id": "BywJqmEx", "inletIndex": 0}]], "id": "vgxdOnL2"}, {"onMessage": [[{"id": "7BNzm6TF", "inletIndex": 0}, {"id": "VyGjlv8H", "inletIndex": 0}, {"id": "Ff0ZEz5u", "inletIndex": 0}, {"id": "azVQKsvL", "inletIndex": 0}]], "id": "qXwsZXtZ"}, {"onMessage": [[{"id": "ceXFe9bo", "inletIndex": 0}]], "id": "DLIvdgXq"}, {"onMessage": [[{"id": "DLIvdgXq", "inletIndex": 0}]], "id": "P8CYWgjP"}, {"onMessage": [[{"id": "sL1ZrlnB", "inletIndex": 0}]], "id": "zh1J9atX"}, {"onMessage": [[{"id": "yjk4bbEX", "inletIndex": 0}]], "id": "on38ntUO"}, {"onMessage": [[{"id": "ceXFe9bo", "inletIndex": 0}]], "id": "tt2shngk"}, {"onMessage": [[{"id": "4zvCPDa5", "inletIndex": 0}]], "id": "CQN6Unfy"}, {"onMessage": [[{"id": "0wnkE7bP", "inletIndex": 0}]], "id": "AjgIW9Hm"}, {"onMessage": [[{"id": "2bDrxU5c", "inletIndex": 0}]], "id": "wdckPFj9"}, {"onMessage": [[{"id": "NtNLR98I", "inletIndex": 1}]], "id": "xrHQBHmE"}, {"onMessage": [[{"id": "vUiv5qVC", "inletIndex": 0}]], "id": "qrzNkQLa"}, {"onMessage": [[{"id": "aFHMUEIn", "inletIndex": 1}]], "id": "4zvCPDa5"}, {"onMessage": [[{"id": "WxdmIGCf", "inletIndex": 0}, {"id": "2bDrxU5c", "inletIndex": 1}, {"id": "8BokTLog", "inletIndex": 0}]], "id": "ucSsM2oy"}, {"onMessage": [[{"id": "J4vtCjLX", "inletIndex": 1}]], "id": "bYNoFvua"}, {"onMessage": [[{"id": "J4vtCjLX", "inletIndex": 0}]], "id": "gry09gHF"}, {"onMessage": [[{"id": "ceXFe9bo", "inletIndex": 0}, {"id": "AjgIW9Hm", "inletIndex": 1}, {"id": "xrHQBHmE", "inletIndex": 1}]], "id": "yjk4bbEX"}, {"onMessage": [[{"id": "aFHMUEIn", "inletIndex": 1}]], "id": "xuAzQyW6"}, {"onMessage": [[{"id": "bYNoFvua", "inletIndex": 0}, {"id": "scMw1J8g", "inletIndex": 0}], []], "id": "noDVivUb"}, {"onMessage": [[{"id": "Sz3ct78l", "inletIndex": 0}, {"id": "wdckPFj9", "inletIndex": 0}], []], "id": "fHbH9lWy"}, {"onMessage": [[{"id": "AjgIW9Hm", "inletIndex": 1}, {"id": "xrHQBHmE", "inletIndex": 1}]], "id": "IhT5JNkv"}, {"onMessage": [[{"id": "IhT5JNkv", "inletIndex": 1}]], "id": "2bDrxU5c"}, {"onMessage": [[{"id": "c2XAFsvK", "inletIndex": 0}, {"id": "dd7omGz9", "inletIndex": 0}], [{"id": "c2XAFsvK", "inletIndex": 0}, {"id": "dd7omGz9", "inletIndex": 0}]], "id": "FGZYbSrZ"}, {"onMessage": [[{"id": "tt2shngk", "inletIndex": 0}], [{"id": "tt2shngk", "inletIndex": 0}]], "id": "kTVUA6Qm"}, {"onMessage": [[{"id": "kTVUA6Qm", "inletIndex": 0}], [{"id": "FGZYbSrZ", "inletIndex": 0}], [{"id": "zh1J9atX", "inletIndex": 0}, {"id": "fHbH9lWy", "inletIndex": 0}, {"id": "noDVivUb", "inletIndex": 0}, {"id": "P8CYWgjP", "inletIndex": 0}, {"id": "qrzNkQLa", "inletIndex": 0}]], "id": "O9I5FxQJ"}, {"onMessage": [[{"id": "5BrSryRy", "inletIndex": 0}]], "id": "VQbxzryu"}, {"onMessage": [[{"id": "11fBnx7U", "inletIndex": 0}]], "id": "56l58M5i"}, {"onMessage": [[{"id": "s12UD5gT", "inletIndex": 0}], [{"id": "s12UD5gT", "inletIndex": 0}], [{"id": "pEDeE4p6", "inletIndex": 0}]], "id": "ceXFe9bo"}, {"onMessage": [[{"id": "cALDQwxX", "inletIndex": 0}]], "id": "s12UD5gT"}, {"onMessage": [[{"id": "56l58M5i", "inletIndex": 1}]], "id": "qGHtK1QY"}, {"onMessage": [[{"id": "s12UD5gT", "inletIndex": 0}, {"id": "cALDQwxX", "inletIndex": 0}, {"id": "aFHMUEIn", "inletIndex": 0}]], "id": "pEDeE4p6"}, {"onMessage": [[{"id": "56l58M5i", "inletIndex": 0}]], "id": "8BokTLog"}, {"onMessage": [[{"id": "cALDQwxX", "inletIndex": 0}, {"id": "aFHMUEIn", "inletIndex": 0}]], "id": "cALDQwxX"}, {"onMessage": [[{"id": "qGHtK1QY", "inletIndex": 0}]], "id": "rxxqcpAE"}, {"onMessage": [[{"id": "rxxqcpAE", "inletIndex": 0}]], "id": "b1PMWNcH"}, {"onMessage": [[{"id": "cALDQwxX", "inletIndex": 2}]], "id": "11fBnx7U"}, {"onMessage": [[{"id": "NtNLR98I", "inletIndex": 0}]], "id": "J4vtCjLX"}, {"onMessage": [[{"id": "xuAzQyW6", "inletIndex": 1}]], "id": "6SmWlfdv"}, {"onMessage": [[{"id": "6SmWlfdv", "inletIndex": 0}]], "id": "WxdmIGCf"}, {"onMessage": [[{"id": "IhT5JNkv", "inletIndex": 0}]], "id": "BBxkHYXS"}, {"onMessage": [[{"id": "CQN6Unfy", "inletIndex": 0}]], "id": "Sz3ct78l"}, {"onMessage": [[{"id": "xrHQBHmE", "inletIndex": 0}, {"id": "AjgIW9Hm", "inletIndex": 0}, {"id": "4xXl6QTJ", "inletIndex": 0}]], "id": "NtNLR98I"}, {"onMessage": [[{"id": "BBxkHYXS", "inletIndex": 0}]], "id": "scMw1J8g"}, {"onMessage": [[{"id": "tt2shngk", "inletIndex": 0}]], "id": "c2XAFsvK"}, {"onMessage": [[{"id": "xuAzQyW6", "inletIndex": 0}, {"id": "VQbxzryu", "inletIndex": 0}]], "id": "aFHMUEIn"}, {"onMessage": [[{"id": "UP3WfFV4", "inletIndex": 0}]], "id": "l9pkZRJi"}, {"onMessage": [[{"id": "WxdmIGCf", "inletIndex": 1}, {"id": "CQN6Unfy", "inletIndex": 1}]], "id": "UP3WfFV4"}, {"onMessage": [[{"id": "BBxkHYXS", "inletIndex": 1}]], "id": "0wnkE7bP"}, {"onMessage": [[{"id": "gNLS4MYp", "inletIndex": 0}]], "id": "0hAwXbFm"}, {"onMessage": [[{"id": "Sz3ct78l", "inletIndex": 0}, {"id": "wdckPFj9", "inletIndex": 0}]], "id": "sL1ZrlnB"}, {"onMessage": [[{"id": "sL1ZrlnB", "inletIndex": 1}]], "id": "vUiv5qVC"}, {"onMessage": [[{"id": "on38ntUO", "inletIndex": 0}, {"id": "gry09gHF", "inletIndex": 0}]], "id": "GgFbtEZc"}, {"onMessage": [[{"id": "NtNLR98I", "inletIndex": 0}]], "id": "YYmRXqwC"}, {"onMessage": [[{"id": "YYmRXqwC", "inletIndex": 0}], [{"id": "GgFbtEZc", "inletIndex": 0}], []], "id": "5BrSryRy"}, {"onMessage": [[{"id": "32hEhe1A", "inletIndex": 0}, {"id": "AjgIW9Hm", "inletIndex": 0}, {"id": "NtNLR98I", "inletIndex": 1}]], "id": "dd7omGz9"}, {"onMessage": [[{"id": "yjk4bbEX", "inletIndex": 0}]], "id": "32hEhe1A"}, {"onMessage": [[{"id": "ucSsM2oy", "inletIndex": 0}]], "id": "JXFd1DnQ"}, {"onMessage": [[{"id": "JXFd1DnQ", "inletIndex": 0}], [{"id": "WxdmIGCf", "inletIndex": 0}, {"id": "2bDrxU5c", "inletIndex": 1}, {"id": "8BokTLog", "inletIndex": 0}]], "id": "gNLS4MYp"}, {"onMessage": [[{"id": "kxqJS2Wk", "inletIndex": 0}]], "id": "3z5qTxxc"}, {"onMessage": [[{"id": "QY9vy1ut", "inletIndex": 0}]], "id": "1Qu9NJKB"}, {"onMessage": [[{"id": "ya8dmWeU", "inletIndex": 0}]], "id": "mG2VGHzJ"}, {"onMessage": [[{"id": "QNJzffHa", "inletIndex": 1}, {"id": "7n5Svxq0", "inletIndex": 1}]], "id": "nuCa4ShO"}, {"onMessage": [[{"id": "7n5Svxq0", "inletIndex": 0}, {"id": "QNJzffHa", "inletIndex": 0}, {"id": "qVFwGLFa", "inletIndex": 0}]], "id": "QyBtlzQ9"}, {"onMessage": [[{"id": "ya8dmWeU", "inletIndex": 1}]], "id": "JfJgp4NY"}, {"onMessage": [[{"id": "ErqS0XlP", "inletIndex": 1}]], "id": "ziXX69RK"}, {"onMessage": [[{"id": "iyVk6TiW", "inletIndex": 0}]], "id": "kxqJS2Wk"}, {"onMessage": [[{"id": "dEoFoBqT", "inletIndex": 0}]], "id": "hrA7B4PQ"}, {"onMessage": [[{"id": "hrA7B4PQ", "inletIndex": 0}], [{"id": "MSWBuu91", "inletIndex": 0}, {"id": "xUA1Zzyt", "inletIndex": 1}, {"id": "5r1jz5rv", "inletIndex": 0}]], "id": "tSJ8nbJf"}, {"onMessage": [[{"id": "4vtikjsz", "inletIndex": 0}]], "id": "zZs6GIPI"}, {"onMessage": [[{"id": "A8HI4rb5", "inletIndex": 0}]], "id": "RJpk5p98"}, {"onMessage": [[{"id": "4VtZZRoL", "inletIndex": 0}, {"id": "XFeQ1zVK", "inletIndex": 0}, {"id": "ItcbTmun", "inletIndex": 0}]], "id": "8zWNJvcl"}, {"onMessage": [[{"id": "fH7C9dTE", "inletIndex": 0}]], "id": "laSOms6J"}, {"onMessage": [[{"id": "laSOms6J", "inletIndex": 0}]], "id": "7NeheNXA"}, {"onMessage": [[{"id": "RJpk5p98", "inletIndex": 1}]], "id": "fH7C9dTE"}, {"onMessage": [[{"id": "RJpk5p98", "inletIndex": 0}]], "id": "5r1jz5rv"}, {"onMessage": [[{"id": "XFeQ1zVK", "inletIndex": 0}, {"id": "ItcbTmun", "inletIndex": 0}]], "id": "XFeQ1zVK"}, {"onMessage": [[{"id": "4VtZZRoL", "inletIndex": 0}], [{"id": "4VtZZRoL", "inletIndex": 0}], [{"id": "8zWNJvcl", "inletIndex": 0}]], "id": "8OWSlIuF"}, {"onMessage": [[{"id": "XFeQ1zVK", "inletIndex": 0}]], "id": "4VtZZRoL"}, {"onMessage": [[{"id": "XFeQ1zVK", "inletIndex": 2}]], "id": "A8HI4rb5"}, {"onMessage": [[{"id": "qCQnGw1O", "inletIndex": 1}]], "id": "QY9vy1ut"}, {"onMessage": [[{"id": "QyBtlzQ9", "inletIndex": 1}]], "id": "7n5Svxq0"}, {"onMessage": [[{"id": "i5ipwwDc", "inletIndex": 0}, {"id": "QNJzffHa", "inletIndex": 0}, {"id": "QyBtlzQ9", "inletIndex": 1}]], "id": "Zpathm59"}, {"onMessage": [[{"id": "pL5wUSAy", "inletIndex": 0}]], "id": "5E10R2uw"}, {"onMessage": [[{"id": "nuCa4ShO", "inletIndex": 0}]], "id": "4vtikjsz"}, {"onMessage": [[{"id": "JfJgp4NY", "inletIndex": 0}, {"id": "zZs6GIPI", "inletIndex": 0}], []], "id": "LbKn3Tr6"}, {"onMessage": [[{"id": "3z5qTxxc", "inletIndex": 0}, {"id": "tLAy9IJf", "inletIndex": 0}], []], "id": "Ihl8v933"}, {"onMessage": [[{"id": "xUA1Zzyt", "inletIndex": 0}]], "id": "tLAy9IJf"}, {"onMessage": [[{"id": "ziXX69RK", "inletIndex": 0}]], "id": "MSWBuu91"}, {"onMessage": [[{"id": "8OWSlIuF", "inletIndex": 0}, {"id": "QNJzffHa", "inletIndex": 1}, {"id": "7n5Svxq0", "inletIndex": 1}]], "id": "haf3KSGs"}, {"onMessage": [[{"id": "oRRhodTO", "inletIndex": 0}]], "id": "ykTBjAi1"}, {"onMessage": [[{"id": "nuCa4ShO", "inletIndex": 1}]], "id": "xUA1Zzyt"}, {"onMessage": [[{"id": "tSJ8nbJf", "inletIndex": 0}]], "id": "mmtTGHOJ"}, {"onMessage": [[{"id": "4vtikjsz", "inletIndex": 1}]], "id": "gSk693sR"}, {"onMessage": [[{"id": "ItcbTmun", "inletIndex": 1}]], "id": "iyVk6TiW"}, {"onMessage": [[{"id": "mI6N1Urt", "inletIndex": 0}, {"id": "mG2VGHzJ", "inletIndex": 0}]], "id": "XDMLUOEo"}, {"onMessage": [[{"id": "QyBtlzQ9", "inletIndex": 0}]], "id": "2iPTsNLi"}, {"onMessage": [[{"id": "2iPTsNLi", "inletIndex": 0}], [{"id": "XDMLUOEo", "inletIndex": 0}], []], "id": "oRRhodTO"}, {"onMessage": [[{"id": "MSWBuu91", "inletIndex": 0}, {"id": "xUA1Zzyt", "inletIndex": 1}, {"id": "5r1jz5rv", "inletIndex": 0}]], "id": "dEoFoBqT"}, {"onMessage": [[{"id": "pL5wUSAy", "inletIndex": 0}], [{"id": "pL5wUSAy", "inletIndex": 0}]], "id": "cjrnEvBs"}, {"onMessage": [[{"id": "5E10R2uw", "inletIndex": 0}, {"id": "Zpathm59", "inletIndex": 0}], [{"id": "5E10R2uw", "inletIndex": 0}, {"id": "Zpathm59", "inletIndex": 0}]], "id": "H4IDzaZj"}, {"onMessage": [[{"id": "cjrnEvBs", "inletIndex": 0}], [{"id": "H4IDzaZj", "inletIndex": 0}], [{"id": "nlNsOvwM", "inletIndex": 0}, {"id": "Ihl8v933", "inletIndex": 0}, {"id": "LbKn3Tr6", "inletIndex": 0}, {"id": "4yeO4Vzo", "inletIndex": 0}, {"id": "1Qu9NJKB", "inletIndex": 0}]], "id": "HkPYrhgD"}, {"onMessage": [[{"id": "QyBtlzQ9", "inletIndex": 0}]], "id": "ya8dmWeU"}, {"onMessage": [[{"id": "8OWSlIuF", "inletIndex": 0}]], "id": "pL5wUSAy"}, {"onMessage": [[{"id": "qCQnGw1O", "inletIndex": 0}]], "id": "nlNsOvwM"}, {"onMessage": [[{"id": "gSk693sR", "inletIndex": 0}]], "id": "QNJzffHa"}, {"onMessage": [[{"id": "8OWSlIuF", "inletIndex": 0}]], "id": "8wzzoHTK"}, {"onMessage": [[{"id": "haf3KSGs", "inletIndex": 0}]], "id": "mI6N1Urt"}, {"onMessage": [[{"id": "ErqS0XlP", "inletIndex": 0}, {"id": "ykTBjAi1", "inletIndex": 0}]], "id": "ItcbTmun"}, {"onMessage": [[{"id": "haf3KSGs", "inletIndex": 0}]], "id": "i5ipwwDc"}, {"onMessage": [[{"id": "3z5qTxxc", "inletIndex": 0}, {"id": "tLAy9IJf", "inletIndex": 0}]], "id": "qCQnGw1O"}, {"onMessage": [[{"id": "8wzzoHTK", "inletIndex": 0}]], "id": "4yeO4Vzo"}, {"onMessage": [[{"id": "MSWBuu91", "inletIndex": 1}, {"id": "kxqJS2Wk", "inletIndex": 1}]], "id": "DVl7wHBw"}, {"onMessage": [[{"id": "DVl7wHBw", "inletIndex": 0}]], "id": "Wqhpdffn"}, {"onMessage": [[{"id": "ItcbTmun", "inletIndex": 1}]], "id": "ErqS0XlP"}], "receivers": {"__hv_init": {"extern": null, "attributes": {}, "hash": "0xCE5CC65B", "display": "__hv_init", "ids": ["vCXQkZey"]}}}, "tables": {}, "name": {"escaped": "untitled_adf9e3cef0d1", "display": "untitled-adf9e3cef0d1"}, "signal": {"numOutputBuffers": 2, "processOrder": [{"inputBuffers": [], "id": "4xXl6QTJ", "outputBuffers": [{"index": 0, "type": "~f>"}]}, {"inputBuffers": [], "id": "GbkYnyg7", "outputBuffers": [{"index": 1, "type": "~f>"}]}, {"inputBuffers": [{"index": 0, "type": "~f>"}, {"index": 1, "type": "~f>"}], "id": "hqHgPOvV", "outputBuffers": [{"index": 1, "type": "~f>"}]}, {"inputBuffers": [{"index": 1, "type": "~f>"}], "id": "0YAUJPoO", "outputBuffers": [{"index": 1, "type": "~f>"}]}, {"inputBuffers": [], "id": "OY8vrsyH", "outputBuffers": [{"index": 0, "type": "~f>"}]}, {"inputBuffers": [{"index": 1, "type": "~f>"}, {"index": 0, "type": "~f>"}], "id": "z7wu2QQp", "outputBuffers": [{"index": 0, "type": "~f>"}]}, {"inputBuffers": [], "id": "87MJhNF6", "outputBuffers": [{"index": 1, "type": "~f>"}]}, {"inputBuffers": [{"index": 0, "type": "~f>"}, {"index": 1, "type": "~f>"}], "id": "vMOj2dBW", "outputBuffers": [{"index": 1, "type": "~f>"}]}, {"inputBuffers": [{"index": 1, "type": "~f>"}, {"index": 1, "type": "~f>"}], "id": "dNNeS8uH", "outputBuffers": [{"index": 0, "type": "~f>"}]}, {"inputBuffers": [{"index": 1, "type": "~f>"}, {"index": 0, "type": "~f>"}], "id": "iyb8Fs4E", "outputBuffers": [{"index": 2, "type": "~f>"}]}, {"inputBuffers": [{"index": 2, "type": "~f>"}, {"index": 0, "type": "~f>"}], "id": "Iv6HX4jB", "outputBuffers": [{"index": 0, "type": "~f>"}]}, {"inputBuffers": [], "id": "ofyKYCCR", "outputBuffers": [{"index": 3, "type": "~f>"}]}, {"inputBuffers": [], "id": "nWCmXecI", "outputBuffers": [{"index": 4, "type": "~f>"}]}, {"inputBuffers": [{"index": 2, "type": "~f>"}, {"index": 4, "type": "~f>"}, {"index": 1, "type": "~f>"}], "id": "lsFVajCN", "outputBuffers": [{"index": 1, "type": "~f>"}]}, {"inputBuffers": [{"index": 0, "type": "~f>"}, {"index": 3, "type": "~f>"}, {"index": 1, "type": "~f>"}], "id": "PZkpAjjE", "outputBuffers": [{"index": 1, "type": "~f>"}]}, {"inputBuffers": [], "id": "ovdwrzFD", "outputBuffers": [{"index": 3, "type": "~f>"}]}, {"inputBuffers": [{"index": 1, "type": "~f>"}, {"index": 3, "type": "~f>"}], "id": "13iEXfn8", "outputBuffers": [{"index": 3, "type": "~f>"}]}, {"inputBuffers": [{"index": 3, "type": "~f>"}, {"index": 0, "type": "output"}], "id": "UP6CZtLm", "outputBuffers": [{"index": 0, "type": "output"}]}, {"inputBuffers": [], "id": "qVFwGLFa", "outputBuffers": [{"index": 1, "type": "~f>"}]}, {"inputBuffers": [], "id": "Wc1AU2yM", "outputBuffers": [{"index": 0, "type": "~f>"}]}, {"inputBuffers": [{"index": 1, "type": "~f>"}, {"index": 0, "type": "~f>"}], "id": "H25XJEGS", "outputBuffers": [{"index": 0, "type": "~f>"}]}, {"inputBuffers": [{"index": 0, "type": "~f>"}], "id": "y6o2kAsE", "outputBuffers": [{"index": 0, "type": "~f>"}]}, {"inputBuffers": [], "id": "15Ne7Dux", "outputBuffers": [{"index": 1, "type": "~f>"}]}, {"inputBuffers": [{"index": 0, "type": "~f>"}, {"index": 1, "type": "~f>"}], "id": "U5p9Tt2F", "outputBuffers": [{"index": 1, "type": "~f>"}]}, {"inputBuffers": [], "id": "oyF1cxdW", "outputBuffers": [{"index": 0, "type": "~f>"}]}, {"inputBuffers": [{"index": 1, "type": "~f>"}, {"index": 0, "type": "~f>"}], "id": "C2ZR9xE9", "outputBuffers": [{"index": 0, "type": "~f>"}]}, {"inputBuffers": [{"index": 0, "type": "~f>"}, {"index": 0, "type": "~f>"}], "id": "jpqmWsJn", "outputBuffers": [{"index": 1, "type": "~f>"}]}, {"inputBuffers": [{"index": 0, "type": "~f>"}, {"index": 1, "type": "~f>"}], "id": "MHlTSuhQ", "outputBuffers": [{"index": 4, "type": "~f>"}]}, {"inputBuffers": [{"index": 4, "type": "~f>"}, {"index": 1, "type": "~f>"}], "id": "H9wRgUWD", "outputBuffers": [{"index": 1, "type": "~f>"}]}, {"inputBuffers": [], "id": "Du88DGny", "outputBuffers": [{"index": 2, "type": "~f>"}]}, {"inputBuffers": [], "id": "PpTVxd97", "outputBuffers": [{"index": 5, "type": "~f>"}]}, {"inputBuffers": [{"index": 4, "type": "~f>"}, {"index": 5, "type": "~f>"}, {"index": 0, "type": "~f>"}], "id": "0QDmVSC1", "outputBuffers": [{"index": 0, "type": "~f>"}]}, {"inputBuffers": [{"index": 1, "type": "~f>"}, {"index": 2, "type": "~f>"}, {"index": 0, "type": "~f>"}], "id": "NeSTGRRW", "outputBuffers": [{"index": 0, "type": "~f>"}]}, {"inputBuffers": [], "id": "6l06CYf5", "outputBuffers": [{"index": 2, "type": "~f>"}]}, {"inputBuffers": [{"index": 0, "type": "~f>"}, {"index": 2, "type": "~f>"}], "id": "1kbkAHXo", "outputBuffers": [{"index": 2, "type": "~f>"}]}, {"inputBuffers": [{"index": 2, "type": "~f>"}, {"index": 0, "type": "output"}], "id": "RgrR7H7U", "outputBuffers": [{"index": 0, "type": "output"}]}, {"inputBuffers": [{"index": 3, "type": "~f>"}, {"index": 1, "type": "output"}], "id": "OHXWwNBv", "outputBuffers": [{"index": 1, "type": "output"}]}, {"inputBuffers": [{"index": 2, "type": "~f>"}, {"index": 1, "type": "output"}], "id": "NhTWigX5", "outputBuffers": [{"index": 1, "type": "output"}]}], "numInputBuffers": 0, "numTemporaryBuffers": {"integer": 0, "float": 6}}, "init": {"order": ["4xXl6QTJ", "qVFwGLFa", "kKPT31pL", "bDXyAGkg", "jm4GjAyW", "QSNP00OJ", "vgxdOnL2", "CQN6Unfy", "AjgIW9Hm", "xrHQBHmE", "4zvCPDa5", "xuAzQyW6", "noDVivUb", "fHbH9lWy", "IhT5JNkv", "2bDrxU5c", "FGZYbSrZ", "kTVUA6Qm", "VQbxzryu", "56l58M5i", "qGHtK1QY", "8BokTLog", "cALDQwxX", "11fBnx7U", "J4vtCjLX", "6SmWlfdv", "WxdmIGCf", "BBxkHYXS", "NtNLR98I", "aFHMUEIn", "0wnkE7bP", "0hAwXbFm", "sL1ZrlnB", "nuCa4ShO", "QyBtlzQ9", "ziXX69RK", "kxqJS2Wk", "RJpk5p98", "fH7C9dTE", "5r1jz5rv", "XFeQ1zVK", "A8HI4rb5", "7n5Svxq0", "4vtikjsz", "LbKn3Tr6", "Ihl8v933", "MSWBuu91", "ykTBjAi1", "xUA1Zzyt", "mmtTGHOJ", "gSk693sR", "iyVk6TiW", "cjrnEvBs", "H4IDzaZj", "ya8dmWeU", "QNJzffHa", "ItcbTmun", "qCQnGw1O", "ErqS0XlP"]}, "objects": {"xfAhaEfX": {"args": {}, "type": "__cast_b"}, "qGFYiY3B": {"args": {"remote": [], "local": [["0", "250"]]}, "type": "__message"}, "ziXX69RK": {"args": {"k": 1000.0}, "type": "__div_k"}, "PZkpAjjE": {"args": {}, "type": "__fma~f"}, "qrzNkQLa": {"args": {}, "type": "__cast_b"}, "Ihl8v933": {"args": {"index": 1.0, "length": 1.0}, "type": "__slice"}, "H4IDzaZj": {"args": {"index": 1.0, "length": -1.0}, "type": "__slice"}, "4zvCPDa5": {"args": {"k": 1000.0}, "type": "__div_k"}, "UP3WfFV4": {"args": {}, "type": "__system"}, "oyF1cxdW": {"args": {"k": 6.283185307179586, "step": 0, "reverse": false}, "type": "__var_k~f"}, "vMOj2dBW": {"args": {}, "type": "__mul~f"}, "mG2VGHzJ": {"args": {}, "type": "__cast_b"}, "noDVivUb": {"args": {"index": 0.0, "length": 1.0}, "type": "__slice"}, "scMw1J8g": {"args": {}, "type": "__cast_f"}, "on38ntUO": {"args": {}, "type": "__cast_b"}, "5E10R2uw": {"args": {}, "type": "__cast_b"}, "lsFVajCN": {"args": {}, "type": "__fma~f"}, "H9wRgUWD": {"args": {}, "type": "__mul~f"}, "JXFd1DnQ": {"args": {}, "type": "__cast_b"}, "QSNP00OJ": {"args": {"k": 0.0}, "type": "__eq_k"}, "tLAy9IJf": {"args": {}, "type": "__cast_f"}, "pEDeE4p6": {"args": {}, "type": "__cast_b"}, "2bDrxU5c": {"args": {"k": 20.0}, "type": "__div"}, "iyVk6TiW": {"args": {"k": 1000.0}, "type": "__div_k"}, "VQbxzryu": {"args": {"k": 0.0}, "type": "__lte_k"}, "7n5Svxq0": {"args": {"k": 0.0}, "type": "__add"}, "RJpk5p98": {"args": {"k": 0.0}, "type": "__mul"}, "NtNLR98I": {"args": {"k": 0.0}, "type": "__var"}, "mmtTGHOJ": {"args": {"k": 20.0}, "type": "__var"}, "GgFbtEZc": {"args": {}, "type": "__cast_b"}, "ErqS0XlP": {"args": {"k": 0.0}, "type": "__sub"}, "ykTBjAi1": {"args": {"k": 0.0}, "type": "__lte_k"}, "0wnkE7bP": {"args": {"k": 0.0}, "type": "__var"}, "xuAzQyW6": {"args": {"k": 0.0}, "type": "__sub"}, "mI6N1Urt": {"args": {}, "type": "__cast_b"}, "c2XAFsvK": {"args": {}, "type": "__cast_b"}, "GbkYnyg7": {"args": {"k": 0.5, "step": 0, "reverse": false}, "type": "__var_k~f"}, "hqHgPOvV": {"args": {}, "type": "__sub~f"}, "LbKn3Tr6": {"args": {"index": 0.0, "length": 1.0}, "type": "__slice"}, "i5ipwwDc": {"args": {}, "type": "__cast_b"}, "PpTVxd97": {"args": {"k": -0.166666666666667, "step": 0, "reverse": false}, "type": "__var_k~f"}, "vUiv5qVC": {"args": {"remote": [], "local": [["0"]]}, "type": "__message"}, "zZs6GIPI": {"args": {}, "type": "__cast_f"}, "ofyKYCCR": {"args": {"k": 0.007833333333333, "step": 0, "reverse": false}, "type": "__var_k~f"}, "4xXl6QTJ": {"args": {"phase": 0.0, "frequency": 0.0}, "type": "__phasor_k~f"}, "2iPTsNLi": {"args": {}, "type": "__cast_b"}, "zh1J9atX": {"args": {}, "type": "__cast_b"}, "5BrSryRy": {"args": {"cases": [0.0, 1.0]}, "type": "__switchcase"}, "tt2shngk": {"args": {"remote": [], "local": [["0"]]}, "type": "__message"}, "JfJgp4NY": {"args": {}, "type": "__cast_f"}, "AjgIW9Hm": {"args": {"k": 0.0}, "type": "__add"}, "wdckPFj9": {"args": {}, "type": "__cast_f"}, "xrHQBHmE": {"args": {"k": 0.0}, "type": "__add"}, "32hEhe1A": {"args": {}, "type": "__cast_b"}, "ovdwrzFD": {"args": {"k": 0.4, "step": 0, "reverse": false}, "type": "__var_k~f"}, "Wc1AU2yM": {"args": {"k": 0.5, "step": 0, "reverse": false}, "type": "__var_k~f"}, "XFeQ1zVK": {"args": {"delay": 0}, "type": "__delay"}, "8BokTLog": {"args": {"k": 20.0}, "type": "__var"}, "qCQnGw1O": {"args": {"k": 0.0}, "type": "__var"}, "sL1ZrlnB": {"args": {"k": 0.0}, "type": "__var"}, "QY9vy1ut": {"args": {"remote": [], "local": [["0"]]}, "type": "__message"}, "5r1jz5rv": {"args": {"k": 20.0}, "type": "__var"}, "wjjPRD9l": {"args": {"remote": [], "local": [["clear"]]}, "type": "__message"}, "IhT5JNkv": {"args": {"k": 0.0}, "type": "__div"}, "jpqmWsJn": {"args": {}, "type": "__mul~f"}, "1Qu9NJKB": {"args": {}, "type": "__cast_b"}, "kxqJS2Wk": {"args": {"k": 0.0}, "type": "__mul"}, "qVFwGLFa": {"args": {"phase": 0.0, "frequency": 0.0}, "type": "__phasor_k~f"}, "cALDQwxX": {"args": {"delay": 0}, "type": "__delay"}, "MSWBuu91": {"args": {"k": 0.0}, "type": "__mul"}, "z7wu2QQp": {"args": {}, "type": "__sub~f"}, "J4vtCjLX": {"args": {"k": 0}, "type": "__var"}, "OY8vrsyH": {"args": {"k": 0.25, "step": 0, "reverse": false}, "type": "__var_k~f"}, "bDXyAGkg": {"args": {"delay": 200.0}, "type": "__delay"}, "6SmWlfdv": {"args": {"k": 1000.0}, "type": "__div_k"}, "nuCa4ShO": {"args": {"k": 0.0}, "type": "__div"}, "oRRhodTO": {"args": {"cases": [0.0, 1.0]}, "type": "__switchcase"}, "ya8dmWeU": {"args": {"k": 0}, "type": "__var"}, "azVQKsvL": {"args": {"cases": ["stop"]}, "type": "__switchcase"}, "56l58M5i": {"args": {"k": 0.0}, "type": "__mul"}, "g0U7OH78": {"args": {"remote": [], "local": [["clear"]]}, "type": "__message"}, "NhTWigX5": {"args": {}, "type": "__add~f"}, "U5p9Tt2F": {"args": {}, "type": "__sub~f"}, "dd7omGz9": {"args": {}, "type": "__cast_f"}, "yjk4bbEX": {"args": {"remote": [], "local": [["0"]]}, "type": "__message"}, "cjrnEvBs": {"args": {"index": 1.0, "length": -1.0}, "type": "__slice"}, "l9pkZRJi": {"args": {"remote": [], "local": [["samplerate"]]}, "type": "__message"}, "QNJzffHa": {"args": {"k": 0.0}, "type": "__add"}, "Du88DGny": {"args": {"k": 0.007833333333333, "step": 0, "reverse": false}, "type": "__var_k~f"}, "58QQQpvX": {"args": {"remote": [], "local": [["0", "200"]]}, "type": "__message"}, "laSOms6J": {"args": {}, "type": "__system"}, "vgxdOnL2": {"args": {"k": 1.0}, "type": "__var"}, "vCXQkZey": {"args": {"extern": null, "attributes": {}, "name": "__hv_init"}, "type": "__receive"}, "UP6CZtLm": {"args": {}, "type": "__add~f"}, "8zWNJvcl": {"args": {}, "type": "__cast_b"}, "DVl7wHBw": {"args": {}, "type": "__system"}, "13iEXfn8": {"args": {}, "type": "__mul~f"}, "BywJqmEx": {"args": {"remote": [], "local": [["pd", "dsp", "$1"]]}, "type": "__message"}, "l7NYXlDx": {"args": {}, "type": "__cast_b"}, "7BNzm6TF": {"args": {"remote": [], "local": [["135", "10"]]}, "type": "__message"}, "0hAwXbFm": {"args": {"k": 20.0}, "type": "__var"}, "4vtikjsz": {"args": {"k": 0.0}, "type": "__sub"}, "nWCmXecI": {"args": {"k": -0.166666666666667, "step": 0, "reverse": false}, "type": "__var_k~f"}, "jm4GjAyW": {"args": {"delay": 210.0}, "type": "__delay"}, "C2ZR9xE9": {"args": {}, "type": "__mul~f"}, "4VtZZRoL": {"args": {"remote": [], "local": [["clear"]]}, "type": "__message"}, "xUA1Zzyt": {"args": {"k": 20.0}, "type": "__div"}, "CQN6Unfy": {"args": {"k": 0.0}, "type": "__mul"}, "4yeO4Vzo": {"args": {}, "type": "__cast_b"}, "ceXFe9bo": {"args": {"cases": [0.0, "stop"]}, "type": "__switchcase"}, "rxxqcpAE": {"args": {}, "type": "__system"}, "b1PMWNcH": {"args": {"remote": [], "local": [["samplerate"]]}, "type": "__message"}, "WxdmIGCf": {"args": {"k": 0.0}, "type": "__mul"}, "Sz3ct78l": {"args": {}, "type": "__cast_f"}, "YYmRXqwC": {"args": {}, "type": "__cast_b"}, "dNNeS8uH": {"args": {}, "type": "__mul~f"}, "iyb8Fs4E": {"args": {}, "type": "__mul~f"}, "0QDmVSC1": {"args": {}, "type": "__fma~f"}, "Csh7MKcM": {"args": {}, "type": "__cast_b"}, "XDMLUOEo": {"args": {}, "type": "__cast_b"}, "gSk693sR": {"args": {"k": 0.0}, "type": "__var"}, "FGZYbSrZ": {"args": {"index": 1.0, "length": -1.0}, "type": "__slice"}, "haf3KSGs": {"args": {"remote": [], "local": [["0"]]}, "type": "__message"}, "A8HI4rb5": {"args": {"k": 1.0}, "type": "__max_k"}, "11fBnx7U": {"args": {"k": 1.0}, "type": "__max_k"}, "gNLS4MYp": {"args": {"cases": [0.0]}, "type": "__switchcase"}, "aFHMUEIn": {"args": {"k": 0}, "type": "__var"}, "Ff0ZEz5u": {"args": {"cases": ["stop"]}, "type": "__switchcase"}, "3z5qTxxc": {"args": {}, "type": "__cast_f"}, "0YAUJPoO": {"args": {}, "type": "__abs~f"}, "P8CYWgjP": {"args": {}, "type": "__cast_b"}, "JwY4ePBe": {"args": {"remote": [], "local": [["160", "10"]]}, "type": "__message"}, "8OWSlIuF": {"args": {"cases": [0.0, "stop"]}, "type": "__switchcase"}, "87MJhNF6": {"args": {"k": 6.283185307179586, "step": 0, "reverse": false}, "type": "__var_k~f"}, "1UqA0RAB": {"args": {"remote": [], "local": [["clear"]]}, "type": "__message"}, "QyBtlzQ9": {"args": {"k": 0.0}, "type": "__var"}, "bYNoFvua": {"args": {}, "type": "__cast_f"}, "VyGjlv8H": {"args": {"cases": ["stop"]}, "type": "__switchcase"}, "ucSsM2oy": {"args": {"remote": [], "local": [["20"]]}, "type": "__message"}, "kTVUA6Qm": {"args": {"index": 1.0, "length": -1.0}, "type": "__slice"}, "pL5wUSAy": {"args": {"remote": [], "local": [["0"]]}, "type": "__message"}, "7NeheNXA": {"args": {"remote": [], "local": [["samplerate"]]}, "type": "__message"}, "MHlTSuhQ": {"args": {}, "type": "__mul~f"}, "Zpathm59": {"args": {}, "type": "__cast_f"}, "hrA7B4PQ": {"args": {}, "type": "__cast_b"}, "RgrR7H7U": {"args": {}, "type": "__add~f"}, "1kbkAHXo": {"args": {}, "type": "__mul~f"}, "DLIvdgXq": {"args": {"remote": [], "local": [["1"]]}, "type": "__message"}, "OHXWwNBv": {"args": {}, "type": "__add~f"}, "NeSTGRRW": {"args": {}, "type": "__fma~f"}, "8wzzoHTK": {"args": {"remote": [], "local": [["1"]]}, "type": "__message"}, "H25XJEGS": {"args": {}, "type": "__sub~f"}, "ItcbTmun": {"args": {"k": 0}, "type": "__var"}, "dEoFoBqT": {"args": {"remote": [], "local": [["20"]]}, "type": "__message"}, "15Ne7Dux": {"args": {"k": 0.25, "step": 0, "reverse": false}, "type": "__var_k~f"}, "tSJ8nbJf": {"args": {"cases": [0.0]}, "type": "__switchcase"}, "fH7C9dTE": {"args": {"k": 1000.0}, "type": "__div_k"}, "nlNsOvwM": {"args": {}, "type": "__cast_b"}, "BBxkHYXS": {"args": {"k": 0.0}, "type": "__sub"}, "O9I5FxQJ": {"args": {"cases": ["stop", "set"]}, "type": "__switchcase"}, "fHbH9lWy": {"args": {"index": 1.0, "length": 1.0}, "type": "__slice"}, "qXwsZXtZ": {"args": {}, "type": "__cast_b"}, "y6o2kAsE": {"args": {}, "type": "__abs~f"}, "s12UD5gT": {"args": {"remote": [], "local": [["clear"]]}, "type": "__message"}, "qGHtK1QY": {"args": {"k": 1000.0}, "type": "__div_k"}, "kKPT31pL": {"args": {"delay": 10.0}, "type": "__delay"}, "6l06CYf5": {"args": {"k": 0.6, "step": 0, "reverse": false}, "type": "__var_k~f"}, "Wqhpdffn": {"args": {"remote": [], "local": [["samplerate"]]}, "type": "__message"}, "HkPYrhgD": {"args": {"cases": ["stop", "set"]}, "type": "__switchcase"}, "gry09gHF": {"args": {}, "type": "__cast_b"}, "Iv6HX4jB": {"args": {}, "type": "__mul~f"}}}