{"imports": [], "args": [], "connections": [{"to": {"id": "msg_ttxoa7au", "inlet": 0}, "from": {"id": "graph_08bevHbk", "outlet": 0}, "type": "-->"}, {"to": {"id": "graph_0mQmbOFM", "inlet": 0}, "from": {"id": "graph_08bevHbk", "outlet": 0}, "type": "-->"}, {"to": {"id": "graph_pV84U8pV", "inlet": 0}, "from": {"id": "graph_08bevHbk", "outlet": 0}, "type": "-->"}, {"to": {"id": "graph_aYu2ppRP", "inlet": 0}, "from": {"id": "graph_08bevHbk", "outlet": 0}, "type": "-->"}, {"to": {"id": "msg_rI9hiMJ0", "inlet": 0}, "from": {"id": "graph_DgPBfSNE", "outlet": 0}, "type": "-->"}, {"to": {"id": "graph_Y93b4njW", "inlet": 0}, "from": {"id": "graph_pTMHdTTn", "outlet": 0}, "type": "-->"}, {"to": {"id": "*~_6FibYuev", "inlet": 0}, "from": {"id": "graph_Y93b4njW", "outlet": 0}, "type": "~f>"}, {"to": {"id": "msg_vJmd0xPO", "inlet": 0}, "from": {"id": "graph_0mQmbOFM", "outlet": 0}, "type": "-->"}, {"to": {"id": "graph_pTMHdTTn", "inlet": 0}, "from": {"id": "msg_vJmd0xPO", "outlet": 0}, "type": "-->"}, {"to": {"id": "msg_RxuYHCwB", "inlet": 0}, "from": {"id": "graph_pV84U8pV", "outlet": 0}, "type": "-->"}, {"to": {"id": "graph_M3Yk478e", "inlet": 0}, "from": {"id": "graph_PdytN4wL", "outlet": 0}, "type": "-->"}, {"to": {"id": "*~_x9zn2pYN", "inlet": 0}, "from": {"id": "graph_M3Yk478e", "outlet": 0}, "type": "~f>"}, {"to": {"id": "msg_VVLkGVcH", "inlet": 0}, "from": {"id": "graph_aYu2ppRP", "outlet": 0}, "type": "-->"}, {"to": {"id": "dac~_hNNlhCxy", "inlet": 0}, "from": {"id": "*~_x9zn2pYN", "outlet": 0}, "type": "~f>"}, {"to": {"id": "dac~_hNNlhCxy", "inlet": 1}, "from": {"id": "*~_x9zn2pYN", "outlet": 0}, "type": "~f>"}, {"to": {"id": "graph_pTMHdTTn", "inlet": 0}, "from": {"id": "msg_ttxoa7au", "outlet": 0}, "type": "-->"}, {"to": {"id": "graph_PdytN4wL", "inlet": 0}, "from": {"id": "msg_RxuYHCwB", "outlet": 0}, "type": "-->"}, {"to": {"id": "graph_PdytN4wL", "inlet": 0}, "from": {"id": "msg_VVLkGVcH", "outlet": 0}, "type": "-->"}, {"to": {"id": "dac~_j7gWangX", "inlet": 0}, "from": {"id": "*~_6FibYuev", "outlet": 0}, "type": "~f>"}, {"to": {"id": "dac~_j7gWangX", "inlet": 1}, "from": {"id": "*~_6FibYuev", "outlet": 0}, "type": "~f>"}], "objects": {"graph_0mQmbOFM": {"imports": [], "args": [], "connections": [{"to": {"id": "__switchcase_NbG5Rp5L", "inlet": 0}, "from": {"id": "inlet_wVkdWsWe", "outlet": 0}, "type": "-->"}, {"to": {"id": "__delay_sbx5n1wZ", "inlet": 1}, "from": {"id": "inlet_rsHFSTSl", "outlet": 0}, "type": "-->"}, {"to": {"id": "msg_VX1cJOD6", "inlet": 0}, "from": {"id": "__switchcase_NbG5Rp5L", "outlet": 0}, "type": "-->"}, {"to": {"id": "trigger_WDBKzx9Y", "inlet": 0}, "from": {"id": "__switchcase_NbG5Rp5L", "outlet": 1}, "type": "-->"}, {"to": {"id": "__delay_sbx5n1wZ", "inlet": 0}, "from": {"id": "msg_VX1cJOD6", "outlet": 0}, "type": "-->"}, {"to": {"id": "outlet_Bjmtx5Gj", "inlet": 0}, "from": {"id": "__delay_sbx5n1wZ", "outlet": 0}, "type": "-->"}, {"to": {"id": "__delay_sbx5n1wZ", "inlet": 0}, "from": {"id": "trigger_WDBKzx9Y", "outlet": 0}, "type": "-->"}, {"to": {"id": "__delay_sbx5n1wZ", "inlet": 1}, "from": {"id": "trigger_WDBKzx9Y", "outlet": 1}, "type": "-->"}, {"to": {"id": "msg_VX1cJOD6", "inlet": 0}, "from": {"id": "trigger_WDBKzx9Y", "outlet": 2}, "type": "-->"}], "objects": {"inlet_wVkdWsWe": {"args": {"index": 0, "type": "-->", "name": ""}, "type": "inlet", "properties": {"y": 20, "x": 21}}, "trigger_WDBKzx9Y": {"args": {"casts": ["b", "a", "a"]}, "type": "sequence", "properties": {"y": 67, "x": 186}}, "outlet_Bjmtx5Gj": {"args": {"index": 0, "type": "-->", "name": ""}, "type": "outlet", "properties": {"y": 221, "x": 21}}, "msg_VX1cJOD6": {"args": {"remote": [], "local": [["clear"]]}, "type": "message", "properties": {"y": 149, "x": 21}}, "__switchcase_NbG5Rp5L": {"args": {"cases": ["stop"]}, "type": "__switchcase", "properties": {"y": 43, "x": 21}}, "inlet_rsHFSTSl": {"args": {"index": 1, "type": "-->", "name": ""}, "type": "inlet", "properties": {"y": 20, "x": 144}}, "__delay_sbx5n1wZ": {"args": {"delay": 10.0}, "type": "__delay", "properties": {"y": 196, "x": 21}, "annotations": {}}, "comment_aLm2KeJw": {"args": {"text": "@hv_arg \\$1 delay float 0 false"}, "type": "comment", "properties": {"y": 221, "x": 67}, "annotations": {}}}, "type": "graph", "properties": {"y": 122, "x": 406}}, "graph_pV84U8pV": {"imports": [], "args": [], "connections": [{"to": {"id": "__switchcase_JhNGQ8QM", "inlet": 0}, "from": {"id": "inlet_W9tYRCyh", "outlet": 0}, "type": "-->"}, {"to": {"id": "__delay_Twqy7vxT", "inlet": 1}, "from": {"id": "inlet_ripaNHuT", "outlet": 0}, "type": "-->"}, {"to": {"id": "msg_CNEOmaMX", "inlet": 0}, "from": {"id": "__switchcase_JhNGQ8QM", "outlet": 0}, "type": "-->"}, {"to": {"id": "trigger_HJn61Wf7", "inlet": 0}, "from": {"id": "__switchcase_JhNGQ8QM", "outlet": 1}, "type": "-->"}, {"to": {"id": "__delay_Twqy7vxT", "inlet": 0}, "from": {"id": "msg_CNEOmaMX", "outlet": 0}, "type": "-->"}, {"to": {"id": "outlet_ImexVO5U", "inlet": 0}, "from": {"id": "__delay_Twqy7vxT", "outlet": 0}, "type": "-->"}, {"to": {"id": "__delay_Twqy7vxT", "inlet": 0}, "from": {"id": "trigger_HJn61Wf7", "outlet": 0}, "type": "-->"}, {"to": {"id": "__delay_Twqy7vxT", "inlet": 1}, "from": {"id": "trigger_HJn61Wf7", "outlet": 1}, "type": "-->"}, {"to": {"id": "msg_CNEOmaMX", "inlet": 0}, "from": {"id": "trigger_HJn61Wf7", "outlet": 2}, "type": "-->"}], "objects": {"__delay_Twqy7vxT": {"args": {"delay": 200.0}, "type": "__delay", "properties": {"y": 196, "x": 21}, "annotations": {}}, "comment_7vxt3EvP": {"args": {"text": "@hv_arg \\$1 delay float 0 false"}, "type": "comment", "properties": {"y": 221, "x": 67}, "annotations": {}}, "inlet_ripaNHuT": {"args": {"index": 1, "type": "-->", "name": ""}, "type": "inlet", "properties": {"y": 20, "x": 144}}, "msg_CNEOmaMX": {"args": {"remote": [], "local": [["clear"]]}, "type": "message", "properties": {"y": 149, "x": 21}}, "inlet_W9tYRCyh": {"args": {"index": 0, "type": "-->", "name": ""}, "type": "inlet", "properties": {"y": 20, "x": 21}}, "__switchcase_JhNGQ8QM": {"args": {"cases": ["stop"]}, "type": "__switchcase", "properties": {"y": 43, "x": 21}}, "outlet_ImexVO5U": {"args": {"index": 0, "type": "-->", "name": ""}, "type": "outlet", "properties": {"y": 221, "x": 21}}, "trigger_HJn61Wf7": {"args": {"casts": ["b", "a", "a"]}, "type": "sequence", "properties": {"y": 67, "x": 186}}}, "type": "graph", "properties": {"y": 127, "x": 516}}, "dac~_j7gWangX": {"args": {"channels": [1, 2]}, "type": "dac", "properties": {"y": 306, "x": 403}}, "graph_pTMHdTTn": {"imports": [], "args": [], "connections": [{"to": {"id": "route_baDSVW4g", "inlet": 0}, "from": {"id": "inlet_UiQydBPg", "outlet": 0}, "type": "-->"}, {"to": {"id": "trigger_QFtxxyul", "inlet": 0}, "from": {"id": "graph_O54cLSgC", "outlet": 0}, "type": "-->"}, {"to": {"id": "graph_TdikfmOt", "inlet": 1}, "from": {"id": "/_ANEKyolB", "outlet": 0}, "type": "-->"}, {"to": {"id": "/_ANEKyolB", "inlet": 0}, "from": {"id": "*_GEZxdvwJ", "outlet": 0}, "type": "-->"}, {"to": {"id": "graph_TdikfmOt", "inlet": 0}, "from": {"id": "graph_X4HJK1rw", "outlet": 0}, "type": "-->"}, {"to": {"id": "/_rjb6zqKe", "inlet": 0}, "from": {"id": "*_G65I1sHW", "outlet": 0}, "type": "-->"}, {"to": {"id": "-_IdSeKmhn", "inlet": 1}, "from": {"id": "/_rjb6zqKe", "outlet": 0}, "type": "-->"}, {"to": {"id": "-_IdSeKmhn", "inlet": 0}, "from": {"id": "graph_TdikfmOt", "outlet": 0}, "type": "-->"}, {"to": {"id": "<=_884Pb79C", "inlet": 0}, "from": {"id": "graph_TdikfmOt", "outlet": 0}, "type": "-->"}, {"to": {"id": "graph_TdikfmOt", "inlet": 1}, "from": {"id": "-_IdSeKmhn", "outlet": 0}, "type": "-->"}, {"to": {"id": "graph_X4HJK1rw", "inlet": 0}, "from": {"id": "msg_rCLsajv9", "outlet": 0}, "type": "-->"}, {"to": {"id": "graph_SqqMvbrk", "inlet": 0}, "from": {"id": "sel_fAmfSd9N", "outlet": 0}, "type": "-->"}, {"to": {"id": "trigger_p7HULbQC", "inlet": 0}, "from": {"id": "sel_fAmfSd9N", "outlet": 1}, "type": "-->"}, {"to": {"id": "trigger_yH728rcA", "inlet": 0}, "from": {"id": "msg_xZ4KydRc", "outlet": 0}, "type": "-->"}, {"to": {"id": "sel_fAmfSd9N", "inlet": 0}, "from": {"id": "<=_884Pb79C", "outlet": 0}, "type": "-->"}, {"to": {"id": "graph_SqqMvbrk", "inlet": 1}, "from": {"id": "+_hZZ0Eqz0", "outlet": 0}, "type": "-->"}, {"to": {"id": "/_0AkgYIkM", "inlet": 1}, "from": {"id": "/_U5XB5z4o", "outlet": 0}, "type": "-->"}, {"to": {"id": "trigger_k4DejHaU", "inlet": 0}, "from": {"id": "/_0AkgYIkM", "outlet": 0}, "type": "-->"}, {"to": {"id": "/_U5XB5z4o", "inlet": 0}, "from": {"id": "trigger_TprFIVbs", "outlet": 0}, "type": "-->"}, {"to": {"id": "*_GEZxdvwJ", "inlet": 0}, "from": {"id": "trigger_TprFIVbs", "outlet": 1}, "type": "-->"}, {"to": {"id": "-_aOApOJYr", "inlet": 0}, "from": {"id": "trigger_y2OiZBEU", "outlet": 0}, "type": "-->"}, {"to": {"id": "graph_kYhYCgNx", "inlet": 1}, "from": {"id": "trigger_y2OiZBEU", "outlet": 1}, "type": "-->"}, {"to": {"id": "graph_kYhYCgNx", "inlet": 0}, "from": {"id": "trigger_p7HULbQC", "outlet": 0}, "type": "-->"}, {"to": {"id": "msg_xZ4KydRc", "inlet": 0}, "from": {"id": "trigger_p7HULbQC", "outlet": 1}, "type": "-->"}, {"to": {"id": "graph_7bIGrWn7", "inlet": 0}, "from": {"id": "+_pkNw1klu", "outlet": 0}, "type": "-->"}, {"to": {"id": "*_GEZxdvwJ", "inlet": 1}, "from": {"id": "trigger_QFtxxyul", "outlet": 0}, "type": "-->"}, {"to": {"id": "*_G65I1sHW", "inlet": 1}, "from": {"id": "trigger_QFtxxyul", "outlet": 1}, "type": "-->"}, {"to": {"id": "msg_ZHL9howI", "inlet": 0}, "from": {"id": "route_baDSVW4g", "outlet": 0}, "type": "-->"}, {"to": {"id": "trigger_l1ctLjJ4", "inlet": 0}, "from": {"id": "route_baDSVW4g", "outlet": 1}, "type": "-->"}, {"to": {"id": "trigger_HKzWfNe9", "inlet": 0}, "from": {"id": "route_baDSVW4g", "outlet": 2}, "type": "-->"}, {"to": {"id": "graph_X4HJK1rw", "inlet": 0}, "from": {"id": "msg_ZHL9howI", "outlet": 0}, "type": "-->"}, {"to": {"id": "graph_C7EWemDg", "inlet": 1}, "from": {"id": "inlet_4hyUcnad", "outlet": 0}, "type": "-->"}, {"to": {"id": "max_V944RtMf", "inlet": 0}, "from": {"id": "inlet_cBALZyra", "outlet": 0}, "type": "-->"}, {"to": {"id": "trigger_TprFIVbs", "inlet": 0}, "from": {"id": "graph_C7EWemDg", "outlet": 0}, "type": "-->"}, {"to": {"id": "graph_C7EWemDg", "inlet": 1}, "from": {"id": "msg_Nnj1t8D9", "outlet": 0}, "type": "-->"}, {"to": {"id": "sel_hrHECl7z", "inlet": 0}, "from": {"id": "graph_3r41zFqI", "outlet": 0}, "type": "-->"}, {"to": {"id": "graph_3r41zFqI", "inlet": 0}, "from": {"id": "max_V944RtMf", "outlet": 0}, "type": "-->"}, {"to": {"id": "msg_oA7mOWLF", "inlet": 0}, "from": {"id": "sel_hrHECl7z", "outlet": 0}, "type": "-->"}, {"to": {"id": "trigger_vS9bxZ8x", "inlet": 0}, "from": {"id": "sel_hrHECl7z", "outlet": 1}, "type": "-->"}, {"to": {"id": "trigger_vS9bxZ8x", "inlet": 0}, "from": {"id": "msg_oA7mOWLF", "outlet": 0}, "type": "-->"}, {"to": {"id": "-_aOApOJYr", "inlet": 1}, "from": {"id": "graph_7bIGrWn7", "outlet": 0}, "type": "-->"}, {"to": {"id": "graph_SqqMvbrk", "inlet": 0}, "from": {"id": "graph_kYhYCgNx", "outlet": 0}, "type": "-->"}, {"to": {"id": "+_hZZ0Eqz0", "inlet": 0}, "from": {"id": "graph_SqqMvbrk", "outlet": 0}, "type": "-->"}, {"to": {"id": "trigger_CsodWQaJ", "inlet": 0}, "from": {"id": "graph_SqqMvbrk", "outlet": 0}, "type": "-->"}, {"to": {"id": "trigger_KeVnWhu5", "inlet": 0}, "from": {"id": "trigger_l1ctLjJ4", "outlet": 0}, "type": "-->"}, {"to": {"id": "msg_ZHL9howI", "inlet": 0}, "from": {"id": "trigger_l1ctLjJ4", "outlet": 1}, "type": "-->"}, {"to": {"id": "/_0AkgYIkM", "inlet": 0}, "from": {"id": "-_aOApOJYr", "outlet": 0}, "type": "-->"}, {"to": {"id": "trigger_k4DejHaU", "inlet": 0}, "from": {"id": "trigger_yH728rcA", "outlet": 0}, "type": "-->"}, {"to": {"id": "graph_X4HJK1rw", "inlet": 0}, "from": {"id": "trigger_yH728rcA", "outlet": 1}, "type": "-->"}, {"to": {"id": "+_hZZ0Eqz0", "inlet": 1}, "from": {"id": "trigger_k4DejHaU", "outlet": 0}, "type": "-->"}, {"to": {"id": "+_pkNw1klu", "inlet": 1}, "from": {"id": "trigger_k4DejHaU", "outlet": 1}, "type": "-->"}, {"to": {"id": "graph_SqqMvbrk", "inlet": 1}, "from": {"id": "trigger_KeVnWhu5", "outlet": 0}, "type": "-->"}, {"to": {"id": "+_pkNw1klu", "inlet": 0}, "from": {"id": "trigger_KeVnWhu5", "outlet": 1}, "type": "-->"}, {"to": {"id": "msg_xZ4KydRc", "inlet": 0}, "from": {"id": "trigger_KeVnWhu5", "outlet": 2}, "type": "-->"}, {"to": {"id": "graph_X4HJK1rw", "inlet": 1}, "from": {"id": "trigger_vS9bxZ8x", "outlet": 0}, "type": "-->"}, {"to": {"id": "/_U5XB5z4o", "inlet": 1}, "from": {"id": "trigger_vS9bxZ8x", "outlet": 1}, "type": "-->"}, {"to": {"id": "*_G65I1sHW", "inlet": 0}, "from": {"id": "trigger_vS9bxZ8x", "outlet": 2}, "type": "-->"}, {"to": {"id": "outlet_WqVUUBs7", "inlet": 0}, "from": {"id": "trigger_CsodWQaJ", "outlet": 0}, "type": "-->"}, {"to": {"id": "+_pkNw1klu", "inlet": 0}, "from": {"id": "trigger_CsodWQaJ", "outlet": 1}, "type": "-->"}, {"to": {"id": "graph_3r41zFqI", "inlet": 0}, "from": {"id": "trigger_im69Gt7d", "outlet": 0}, "type": "-->"}, {"to": {"id": "graph_7bIGrWn7", "inlet": 0}, "from": {"id": "trigger_im69Gt7d", "outlet": 1}, "type": "-->"}, {"to": {"id": "graph_O54cLSgC", "inlet": 0}, "from": {"id": "trigger_im69Gt7d", "outlet": 2}, "type": "-->"}, {"to": {"id": "trigger_y2OiZBEU", "inlet": 0}, "from": {"id": "unpack_fVfkLxck", "outlet": 0}, "type": "-->"}, {"to": {"id": "trigger_TprFIVbs", "inlet": 0}, "from": {"id": "unpack_fVfkLxck", "outlet": 1}, "type": "-->"}, {"to": {"id": "msg_Nnj1t8D9", "inlet": 0}, "from": {"id": "trigger_HKzWfNe9", "outlet": 0}, "type": "-->"}, {"to": {"id": "msg_rCLsajv9", "inlet": 0}, "from": {"id": "trigger_HKzWfNe9", "outlet": 1}, "type": "-->"}, {"to": {"id": "unpack_fVfkLxck", "inlet": 0}, "from": {"id": "trigger_HKzWfNe9", "outlet": 2}, "type": "-->"}, {"to": {"id": "graph_C7EWemDg", "inlet": 0}, "from": {"id": "trigger_HKzWfNe9", "outlet": 3}, "type": "-->"}, {"to": {"id": "trigger_im69Gt7d", "inlet": 0}, "from": {"id": "graph_3PMzAPFh", "outlet": 0}, "type": "-->"}], "objects": {"trigger_y2OiZBEU": {"args": {"casts": ["f", "f"]}, "type": "sequence", "properties": {"y": 276, "x": 190}}, "graph_3r41zFqI": {"imports": [], "args": [], "connections": [{"to": {"id": "outlet_GJEjighZ", "inlet": 0}, "from": {"id": "__var_R22hVHtI", "outlet": 0}, "type": "-->"}, {"to": {"id": "__var_R22hVHtI", "inlet": 0}, "from": {"id": "inlet_0nO9A9ir", "outlet": 0}, "type": "-->"}, {"to": {"id": "__var_R22hVHtI", "inlet": 1}, "from": {"id": "inlet_bPeg4HAf", "outlet": 0}, "type": "-->"}], "objects": {"inlet_bPeg4HAf": {"args": {"index": 1, "type": "-->", "name": ""}, "type": "inlet", "properties": {"y": 20, "x": 124}}, "comment_omcqBiqY": {"args": {"text": "@hv_arg \\$1 k float 0 false"}, "type": "comment", "properties": {"y": 119, "x": 11}, "annotations": {}}, "inlet_0nO9A9ir": {"args": {"index": 0, "type": "-->", "name": ""}, "type": "inlet", "properties": {"y": 20, "x": 13}}, "outlet_GJEjighZ": {"args": {"index": 0, "type": "-->", "name": ""}, "type": "outlet", "properties": {"y": 90, "x": 13}}, "__var_R22hVHtI": {"args": {"k": 20.0}, "type": "__var", "properties": {"y": 60, "x": 13}, "annotations": {}}}, "type": "graph", "properties": {"y": 120, "x": 373}}, "trigger_im69Gt7d": {"args": {"casts": ["a", "a", "a"]}, "type": "sequence", "properties": {"y": 96, "x": 413}}, "/_U5XB5z4o": {"args": {"k": 20.0}, "type": "/", "properties": {"y": 287, "x": 371}}, "trigger_vS9bxZ8x": {"args": {"casts": ["a", "a", "a"]}, "type": "sequence", "properties": {"y": 193, "x": 373}}, "msg_oA7mOWLF": {"args": {"remote": [], "local": [["20"]]}, "type": "message", "properties": {"y": 167, "x": 373}}, "trigger_yH728rcA": {"args": {"casts": ["a", "a"]}, "type": "sequence", "properties": {"y": 597, "x": 174}}, "/_rjb6zqKe": {"args": {"k": 1000.0}, "type": "/", "properties": {"y": 363, "x": 465}}, "*_GEZxdvwJ": {"args": {"k": 0.0}, "type": "*", "properties": {"y": 293, "x": 437}}, "inlet_4hyUcnad": {"args": {"index": 1, "type": "-->", "name": ""}, "type": "inlet", "properties": {"y": 202, "x": 165}}, "inlet_UiQydBPg": {"args": {"index": 0, "type": "-->", "name": ""}, "type": "inlet", "properties": {"y": 17, "x": 22}}, "comment_vgLy5Rcu": {"args": {"text": "@hv_arg \\$1 initial_value float 0 false"}, "type": "comment", "properties": {"y": 691, "x": 284}, "annotations": {}}, "unpack_fVfkLxck": {"imports": [], "args": [], "connections": [{"to": {"id": "slice_1", "inlet": 0}, "from": {"id": "inlet", "outlet": 0}, "type": "-->"}, {"to": {"id": "outlet_1", "inlet": 0}, "from": {"id": "slice_1", "outlet": 0}, "type": "-->"}, {"to": {"id": "slice_0", "inlet": 0}, "from": {"id": "inlet", "outlet": 0}, "type": "-->"}, {"to": {"id": "outlet_0", "inlet": 0}, "from": {"id": "slice_0", "outlet": 0}, "type": "-->"}], "objects": {"slice_0": {"args": {"index": 0, "length": 1}, "type": "slice", "properties": {"y": 0, "x": 0}}, "slice_1": {"args": {"index": 1, "length": 1}, "type": "slice", "properties": {"y": 0, "x": 0}}, "outlet_0": {"args": {"index": 0, "type": "-->"}, "type": "outlet", "properties": {"y": 0, "x": 0}}, "outlet_1": {"args": {"index": 1, "type": "-->"}, "type": "outlet", "properties": {"y": 0, "x": 0}}, "inlet": {"args": {"index": 0, "type": "-->"}, "type": "inlet", "properties": {"y": 0, "x": 0}}}, "type": "graph", "properties": {"y": 114, "x": 137}}, "graph_3PMzAPFh": {"imports": [], "args": [], "connections": [{"to": {"id": "outlet_GjkJtsMb", "inlet": 0}, "from": {"id": "r_mHc9TfLu", "outlet": 0}, "type": "-->"}], "objects": {"comment_4uv8rZSn": {"args": {"text": "@hv_arg \\$1 priority int 0 false"}, "type": "comment", "properties": {"y": 58, "x": 12}, "annotations": {}}, "outlet_GjkJtsMb": {"args": {"index": 0, "type": "-->", "name": ""}, "type": "outlet", "properties": {"y": 34, "x": 12}}, "r_mHc9TfLu": {"args": {"extern": null, "attributes": {}, "name": "__hv_init", "priority": 2998}, "type": "receive", "properties": {"y": 11, "x": 12}, "annotations": {"scope": "public"}}}, "type": "graph", "properties": {"y": 71, "x": 413}}, "outlet_WqVUUBs7": {"args": {"index": 0, "type": "-->", "name": ""}, "type": "outlet", "properties": {"y": 709, "x": 118}}, "trigger_TprFIVbs": {"args": {"casts": ["f", "f"]}, "type": "sequence", "properties": {"y": 263, "x": 371}}, "inlet_cBALZyra": {"args": {"index": 2, "type": "-->", "name": ""}, "type": "inlet", "properties": {"y": 17, "x": 373}}, "trigger_HKzWfNe9": {"args": {"casts": ["b", "b", "a", "b"]}, "type": "sequence", "properties": {"y": 70, "x": 103}}, "comment_rvdiXyDy": {"args": {"text": "@hv_arg \\$2 grain float 20 false"}, "type": "comment", "properties": {"y": 707, "x": 284}, "annotations": {}}, "route_baDSVW4g": {"imports": [], "args": [], "connections": [{"to": {"id": "switchcase", "inlet": 0}, "from": {"id": "inlet", "outlet": 0}, "type": "-->"}, {"to": {"id": "outlet_right", "inlet": 0}, "from": {"id": "switchcase", "outlet": 2}, "type": "-->"}, {"to": {"id": "slice_0", "inlet": 0}, "from": {"id": "switchcase", "outlet": 0}, "type": "-->"}, {"to": {"id": "outlet_0", "inlet": 0}, "from": {"id": "slice_0", "outlet": 0}, "type": "-->"}, {"to": {"id": "outlet_0", "inlet": 0}, "from": {"id": "slice_0", "outlet": 1}, "type": "-->"}, {"to": {"id": "slice_1", "inlet": 0}, "from": {"id": "switchcase", "outlet": 1}, "type": "-->"}, {"to": {"id": "outlet_1", "inlet": 0}, "from": {"id": "slice_1", "outlet": 0}, "type": "-->"}, {"to": {"id": "outlet_1", "inlet": 0}, "from": {"id": "slice_1", "outlet": 1}, "type": "-->"}], "objects": {"inlet_right": {"args": {"index": 1, "type": "-->"}, "type": "inlet", "properties": {"y": 0, "x": 0}}, "inlet": {"args": {"index": 0, "type": "-->"}, "type": "inlet", "properties": {"y": 0, "x": 0}}, "outlet_0": {"args": {"index": 0, "type": "-->"}, "type": "outlet", "properties": {"y": 0, "x": 0}}, "outlet_1": {"args": {"index": 1, "type": "-->"}, "type": "outlet", "properties": {"y": 0, "x": 0}}, "outlet_right": {"args": {"index": 2, "type": "-->"}, "type": "outlet", "properties": {"y": 0, "x": 0}}, "slice_0": {"args": {"index": 1, "length": -1}, "type": "slice", "properties": {"y": 0, "x": 0}}, "slice_1": {"args": {"index": 1, "length": -1}, "type": "slice", "properties": {"y": 0, "x": 0}}, "switchcase": {"args": {"cases": ["stop", "set"]}, "type": "__switchcase", "properties": {"y": 0, "x": 0}}}, "type": "graph", "properties": {"y": 47, "x": 22}}, "-_aOApOJYr": {"args": {"k": 0.0}, "type": "-", "properties": {"y": 306, "x": 190}}, "graph_X4HJK1rw": {"imports": [], "args": [], "connections": [{"to": {"id": "__switchcase_ffmj6ylc", "inlet": 0}, "from": {"id": "inlet_RRfhSzvm", "outlet": 0}, "type": "-->"}, {"to": {"id": "graph_goFzGBAF", "inlet": 0}, "from": {"id": "inlet_gjF8Rr1Z", "outlet": 0}, "type": "-->"}, {"to": {"id": "msg_gW0sMPEb", "inlet": 0}, "from": {"id": "__switchcase_ffmj6ylc", "outlet": 0}, "type": "-->"}, {"to": {"id": "msg_gW0sMPEb", "inlet": 0}, "from": {"id": "__switchcase_ffmj6ylc", "outlet": 1}, "type": "-->"}, {"to": {"id": "graph_nfKD12Oc", "inlet": 0}, "from": {"id": "__switchcase_ffmj6ylc", "outlet": 2}, "type": "-->"}, {"to": {"id": "__delay_NaEPU4zw", "inlet": 0}, "from": {"id": "msg_gW0sMPEb", "outlet": 0}, "type": "-->"}, {"to": {"id": "outlet_sw0TS2us", "inlet": 0}, "from": {"id": "trigger_RAOYEGPE", "outlet": 0}, "type": "-->"}, {"to": {"id": "__delay_NaEPU4zw", "inlet": 0}, "from": {"id": "trigger_RAOYEGPE", "outlet": 1}, "type": "-->"}, {"to": {"id": "trigger_RAOYEGPE", "inlet": 0}, "from": {"id": "__delay_NaEPU4zw", "outlet": 0}, "type": "-->"}, {"to": {"id": "trigger_8kNsgnQn", "inlet": 0}, "from": {"id": "graph_nfKD12Oc", "outlet": 0}, "type": "-->"}, {"to": {"id": "trigger_RAOYEGPE", "inlet": 0}, "from": {"id": "trigger_8kNsgnQn", "outlet": 0}, "type": "-->"}, {"to": {"id": "msg_gW0sMPEb", "inlet": 0}, "from": {"id": "trigger_8kNsgnQn", "outlet": 1}, "type": "-->"}, {"to": {"id": "__delay_NaEPU4zw", "inlet": 2}, "from": {"id": "max_MDEjNKIg", "outlet": 0}, "type": "-->"}, {"to": {"id": "/_fkFPuvTq", "inlet": 0}, "from": {"id": "graph_W5aQhIxa", "outlet": 0}, "type": "-->"}, {"to": {"id": "*_DWlLjBVE", "inlet": 1}, "from": {"id": "/_fkFPuvTq", "outlet": 0}, "type": "-->"}, {"to": {"id": "max_MDEjNKIg", "inlet": 0}, "from": {"id": "*_DWlLjBVE", "outlet": 0}, "type": "-->"}, {"to": {"id": "*_DWlLjBVE", "inlet": 0}, "from": {"id": "graph_goFzGBAF", "outlet": 0}, "type": "-->"}, {"to": {"id": "graph_goFzGBAF", "inlet": 0}, "from": {"id": "trigger_YifFRzNQ", "outlet": 0}, "type": "-->"}, {"to": {"id": "graph_W5aQhIxa", "inlet": 0}, "from": {"id": "trigger_YifFRzNQ", "outlet": 1}, "type": "-->"}, {"to": {"id": "trigger_YifFRzNQ", "inlet": 0}, "from": {"id": "graph_CGWIK7vy", "outlet": 0}, "type": "-->"}], "objects": {"inlet_gjF8Rr1Z": {"args": {"index": 1, "type": "-->", "name": ""}, "type": "inlet", "properties": {"y": 7, "x": 255}}, "comment_D9l91Cdi": {"args": {"text": "minimum period is set to one sample"}, "type": "comment", "properties": {"y": 162, "x": 264}, "annotations": {}}, "inlet_RRfhSzvm": {"args": {"index": 0, "type": "-->", "name": ""}, "type": "inlet", "properties": {"y": 50, "x": 62}}, "__switchcase_ffmj6ylc": {"args": {"cases": [0.0, "stop"]}, "type": "__switchcase", "properties": {"y": 76, "x": 62}}, "comment_VgWjjyhS": {"args": {"text": "@hv_arg \\$1 period float 1000 false"}, "type": "comment", "properties": {"y": 206, "x": 112}, "annotations": {}}, "*_DWlLjBVE": {"args": {"k": 0.0}, "type": "*", "properties": {"y": 123, "x": 255}}, "graph_CGWIK7vy": {"imports": [], "args": [], "connections": [{"to": {"id": "outlet_hdViRTZW", "inlet": 0}, "from": {"id": "r_h4AbdVZM", "outlet": 0}, "type": "-->"}], "objects": {"r_h4AbdVZM": {"args": {"extern": null, "attributes": {}, "name": "__hv_init", "priority": 3999}, "type": "receive", "properties": {"y": 11, "x": 12}, "annotations": {"scope": "public"}}, "outlet_hdViRTZW": {"args": {"index": 0, "type": "-->", "name": ""}, "type": "outlet", "properties": {"y": 34, "x": 12}}, "comment_5liFg3hy": {"args": {"text": "@hv_arg \\$1 priority int 0 false"}, "type": "comment", "properties": {"y": 58, "x": 12}, "annotations": {}}}, "type": "graph", "properties": {"y": 29, "x": 265}}, "msg_gW0sMPEb": {"args": {"remote": [], "local": [["clear"]]}, "type": "message", "properties": {"y": 145, "x": 150}}, "outlet_sw0TS2us": {"args": {"index": 0, "type": "-->", "name": ""}, "type": "outlet", "properties": {"y": 205, "x": 62}}, "graph_goFzGBAF": {"imports": [], "args": [], "connections": [{"to": {"id": "outlet_aqpZCo5e", "inlet": 0}, "from": {"id": "__var_rs5RvMPx", "outlet": 0}, "type": "-->"}, {"to": {"id": "__var_rs5RvMPx", "inlet": 0}, "from": {"id": "inlet_Gxmsi6Qm", "outlet": 0}, "type": "-->"}, {"to": {"id": "__var_rs5RvMPx", "inlet": 1}, "from": {"id": "inlet_JbmvPCKB", "outlet": 0}, "type": "-->"}], "objects": {"inlet_JbmvPCKB": {"args": {"index": 1, "type": "-->", "name": ""}, "type": "inlet", "properties": {"y": 20, "x": 124}}, "__var_rs5RvMPx": {"args": {"k": 20.0}, "type": "__var", "properties": {"y": 60, "x": 13}, "annotations": {}}, "comment_Yu0zcuXx": {"args": {"text": "@hv_arg \\$1 k float 0 false"}, "type": "comment", "properties": {"y": 119, "x": 11}, "annotations": {}}, "outlet_aqpZCo5e": {"args": {"index": 0, "type": "-->", "name": ""}, "type": "outlet", "properties": {"y": 90, "x": 13}}, "inlet_Gxmsi6Qm": {"args": {"index": 0, "type": "-->", "name": ""}, "type": "inlet", "properties": {"y": 20, "x": 13}}}, "type": "graph", "properties": {"y": 76, "x": 255}}, "graph_W5aQhIxa": {"imports": [], "args": [], "connections": [{"to": {"id": "msg_JgQ1CnGm", "inlet": 0}, "from": {"id": "inlet_KNW7MuRo", "outlet": 0}, "type": "-->"}, {"to": {"id": "system_KulMhMRT", "inlet": 0}, "from": {"id": "msg_JgQ1CnGm", "outlet": 0}, "type": "-->"}, {"to": {"id": "outlet_Tn7Cw4Yg", "inlet": 0}, "from": {"id": "system_KulMhMRT", "outlet": 0}, "type": "-->"}], "objects": {"msg_JgQ1CnGm": {"args": {"remote": [], "local": [["samplerate"]]}, "type": "message", "properties": {"y": 35, "x": 19}}, "system_KulMhMRT": {"args": {}, "type": "system", "properties": {"y": 59, "x": 19}, "annotations": {}}, "outlet_Tn7Cw4Yg": {"args": {"index": 0, "type": "-->", "name": ""}, "type": "outlet", "properties": {"y": 84, "x": 19}}, "inlet_KNW7MuRo": {"args": {"index": 0, "type": "-->", "name": ""}, "type": "inlet", "properties": {"y": 11, "x": 19}}}, "type": "graph", "properties": {"y": 76, "x": 292}}, "__delay_NaEPU4zw": {"args": {}, "type": "__delay", "properties": {"y": 175, "x": 150}, "annotations": {}}, "trigger_YifFRzNQ": {"args": {"casts": ["a", "a"]}, "type": "sequence", "properties": {"y": 52, "x": 265}}, "/_fkFPuvTq": {"args": {"k": 1000.0}, "type": "/", "properties": {"y": 99, "x": 292}}, "trigger_RAOYEGPE": {"args": {"casts": ["a", "a"]}, "type": "sequence", "properties": {"y": 175, "x": 62}}, "graph_nfKD12Oc": {"imports": [], "args": [], "connections": [{"to": {"id": "__cast_b_IRRRTCXQ", "inlet": 0}, "from": {"id": "inlet_cLBwP9Ve", "outlet": 0}, "type": "-->"}, {"to": {"id": "outlet_EsYZ9Ii5", "inlet": 0}, "from": {"id": "__cast_b_IRRRTCXQ", "outlet": 0}, "type": "-->"}], "objects": {"__cast_b_IRRRTCXQ": {"args": {}, "type": "__cast_b", "properties": {"y": 33, "x": 9}, "annotations": {}}, "outlet_EsYZ9Ii5": {"args": {"index": 0, "type": "-->", "name": ""}, "type": "outlet", "properties": {"y": 57, "x": 9}}, "inlet_cLBwP9Ve": {"args": {"index": 0, "type": "-->", "name": ""}, "type": "inlet", "properties": {"y": 10, "x": 9}}}, "type": "graph", "properties": {"y": 122, "x": 62}}, "max_MDEjNKIg": {"args": {"k": 1.0}, "type": "max", "properties": {"y": 145, "x": 255}}, "trigger_8kNsgnQn": {"args": {"casts": ["a", "a"]}, "type": "sequence", "properties": {"y": 145, "x": 62}}}, "type": "graph", "properties": {"y": 409, "x": 118}}, "graph_kYhYCgNx": {"imports": [], "args": [], "connections": [{"to": {"id": "outlet_At5ZhbrH", "inlet": 0}, "from": {"id": "__var_YLa1570u", "outlet": 0}, "type": "-->"}, {"to": {"id": "__var_YLa1570u", "inlet": 0}, "from": {"id": "inlet_p3X9JRHI", "outlet": 0}, "type": "-->"}, {"to": {"id": "__var_YLa1570u", "inlet": 1}, "from": {"id": "inlet_NJdHPYfX", "outlet": 0}, "type": "-->"}], "objects": {"comment_9QjCXG1x": {"args": {"text": "@hv_arg \\$1 k float 0 false"}, "type": "comment", "properties": {"y": 119, "x": 11}, "annotations": {}}, "inlet_p3X9JRHI": {"args": {"index": 0, "type": "-->", "name": ""}, "type": "inlet", "properties": {"y": 20, "x": 13}}, "inlet_NJdHPYfX": {"args": {"index": 1, "type": "-->", "name": ""}, "type": "inlet", "properties": {"y": 20, "x": 124}}, "__var_YLa1570u": {"args": {}, "type": "__var", "properties": {"y": 60, "x": 13}, "annotations": {}}, "outlet_At5ZhbrH": {"args": {"index": 0, "type": "-->", "name": ""}, "type": "outlet", "properties": {"y": 90, "x": 13}}}, "type": "graph", "properties": {"y": 569, "x": 137}}, "/_ANEKyolB": {"args": {"k": 1000.0}, "type": "/", "properties": {"y": 317, "x": 437}}, "comment_zMuFXJzI": {"args": {"text": "next output value"}, "type": "comment", "properties": {"y": 397, "x": 469}, "annotations": {}}, "-_IdSeKmhn": {"args": {"k": 0.0}, "type": "-", "properties": {"y": 449, "x": 148}}, "comment_U3VLMdl5": {"args": {"text": "slope"}, "type": "comment", "properties": {"y": 460, "x": 295}, "annotations": {}}, "msg_Nnj1t8D9": {"args": {"remote": [], "local": [["0"]]}, "type": "message", "properties": {"y": 93, "x": 103}}, "max_V944RtMf": {"args": {"k": 0.0}, "type": "max", "properties": {"y": 70, "x": 373}}, "graph_SqqMvbrk": {"imports": [], "args": [], "connections": [{"to": {"id": "outlet_dB5ytlRM", "inlet": 0}, "from": {"id": "__var_HXztcu5g", "outlet": 0}, "type": "-->"}, {"to": {"id": "__var_HXztcu5g", "inlet": 0}, "from": {"id": "inlet_anT2yBcZ", "outlet": 0}, "type": "-->"}, {"to": {"id": "__var_HXztcu5g", "inlet": 1}, "from": {"id": "inlet_D4HxSVu0", "outlet": 0}, "type": "-->"}], "objects": {"inlet_anT2yBcZ": {"args": {"index": 0, "type": "-->", "name": ""}, "type": "inlet", "properties": {"y": 20, "x": 13}}, "outlet_dB5ytlRM": {"args": {"index": 0, "type": "-->", "name": ""}, "type": "outlet", "properties": {"y": 90, "x": 13}}, "__var_HXztcu5g": {"args": {"k": 0.0}, "type": "__var", "properties": {"y": 60, "x": 13}, "annotations": {}}, "inlet_D4HxSVu0": {"args": {"index": 1, "type": "-->", "name": ""}, "type": "inlet", "properties": {"y": 20, "x": 124}}, "comment_UNWU3QsD": {"args": {"text": "@hv_arg \\$1 k float 0 false"}, "type": "comment", "properties": {"y": 119, "x": 11}, "annotations": {}}}, "type": "graph", "properties": {"y": 649, "x": 118}}, "trigger_KeVnWhu5": {"args": {"casts": ["a", "a", "b"]}, "type": "sequence", "properties": {"y": 458, "x": 195}}, "msg_xZ4KydRc": {"args": {"remote": [], "local": [["0"]]}, "type": "message", "properties": {"y": 569, "x": 174}}, "msg_ZHL9howI": {"args": {"remote": [], "local": [["0"]]}, "type": "message", "properties": {"y": 232, "x": 22}}, "trigger_CsodWQaJ": {"args": {"casts": ["a", "a"]}, "type": "sequence", "properties": {"y": 679, "x": 118}}, "graph_TdikfmOt": {"imports": [], "args": [], "connections": [{"to": {"id": "outlet_JrOxx48T", "inlet": 0}, "from": {"id": "__var_vqUGEl0E", "outlet": 0}, "type": "-->"}, {"to": {"id": "__var_vqUGEl0E", "inlet": 0}, "from": {"id": "inlet_QDKk3Bna", "outlet": 0}, "type": "-->"}, {"to": {"id": "__var_vqUGEl0E", "inlet": 1}, "from": {"id": "inlet_oGZ5VRf1", "outlet": 0}, "type": "-->"}], "objects": {"inlet_QDKk3Bna": {"args": {"index": 0, "type": "-->", "name": ""}, "type": "inlet", "properties": {"y": 20, "x": 13}}, "comment_TggRwO69": {"args": {"text": "@hv_arg \\$1 k float 0 false"}, "type": "comment", "properties": {"y": 119, "x": 11}, "annotations": {}}, "outlet_JrOxx48T": {"args": {"index": 0, "type": "-->", "name": ""}, "type": "outlet", "properties": {"y": 90, "x": 13}}, "inlet_oGZ5VRf1": {"args": {"index": 1, "type": "-->", "name": ""}, "type": "inlet", "properties": {"y": 20, "x": 124}}, "__var_vqUGEl0E": {"args": {}, "type": "__var", "properties": {"y": 60, "x": 13}, "annotations": {}}}, "type": "graph", "properties": {"y": 449, "x": 118}}, "trigger_QFtxxyul": {"args": {"casts": ["a", "a"]}, "type": "sequence", "properties": {"y": 142, "x": 452}}, "graph_O54cLSgC": {"imports": [], "args": [], "connections": [{"to": {"id": "msg_C4PD0BQ1", "inlet": 0}, "from": {"id": "inlet_cyK2T8YK", "outlet": 0}, "type": "-->"}, {"to": {"id": "system_T95SDjXG", "inlet": 0}, "from": {"id": "msg_C4PD0BQ1", "outlet": 0}, "type": "-->"}, {"to": {"id": "outlet_uHXhtGZp", "inlet": 0}, "from": {"id": "system_T95SDjXG", "outlet": 0}, "type": "-->"}], "objects": {"system_T95SDjXG": {"args": {}, "type": "system", "properties": {"y": 59, "x": 19}, "annotations": {}}, "msg_C4PD0BQ1": {"args": {"remote": [], "local": [["samplerate"]]}, "type": "message", "properties": {"y": 35, "x": 19}}, "inlet_cyK2T8YK": {"args": {"index": 0, "type": "-->", "name": ""}, "type": "inlet", "properties": {"y": 11, "x": 19}}, "outlet_uHXhtGZp": {"args": {"index": 0, "type": "-->", "name": ""}, "type": "outlet", "properties": {"y": 84, "x": 19}}}, "type": "graph", "properties": {"y": 120, "x": 452}}, "graph_7bIGrWn7": {"imports": [], "args": [], "connections": [{"to": {"id": "outlet_PIykO55i", "inlet": 0}, "from": {"id": "__var_pR2Iy32X", "outlet": 0}, "type": "-->"}, {"to": {"id": "__var_pR2Iy32X", "inlet": 0}, "from": {"id": "inlet_ZgTkFlRU", "outlet": 0}, "type": "-->"}, {"to": {"id": "__var_pR2Iy32X", "inlet": 1}, "from": {"id": "inlet_ccha29Ul", "outlet": 0}, "type": "-->"}], "objects": {"inlet_ccha29Ul": {"args": {"index": 1, "type": "-->", "name": ""}, "type": "inlet", "properties": {"y": 20, "x": 124}}, "__var_pR2Iy32X": {"args": {"k": 0.0}, "type": "__var", "properties": {"y": 60, "x": 13}, "annotations": {}}, "outlet_PIykO55i": {"args": {"index": 0, "type": "-->", "name": ""}, "type": "outlet", "properties": {"y": 90, "x": 13}}, "inlet_ZgTkFlRU": {"args": {"index": 0, "type": "-->", "name": ""}, "type": "inlet", "properties": {"y": 20, "x": 13}}, "comment_LjhDeyRn": {"args": {"text": "@hv_arg \\$1 k float 0 false"}, "type": "comment", "properties": {"y": 119, "x": 11}, "annotations": {}}}, "type": "graph", "properties": {"y": 397, "x": 432}}, "trigger_p7HULbQC": {"args": {"casts": ["b", "b"]}, "type": "sequence", "properties": {"y": 539, "x": 137}}, "/_0AkgYIkM": {"args": {"k": 0.0}, "type": "/", "properties": {"y": 457, "x": 270}}, "<=_884Pb79C": {"args": {"k": 0.0}, "type": "<=", "properties": {"y": 479, "x": 118}}, "comment_QaKxMi5G": {"args": {"text": "num samples to target"}, "type": "comment", "properties": {"y": 316, "x": 482}, "annotations": {}}, "graph_C7EWemDg": {"imports": [], "args": [], "connections": [{"to": {"id": "outlet_TQKxrXFz", "inlet": 0}, "from": {"id": "__var_t2vAE0XY", "outlet": 0}, "type": "-->"}, {"to": {"id": "__var_t2vAE0XY", "inlet": 0}, "from": {"id": "inlet_PtymJK1E", "outlet": 0}, "type": "-->"}, {"to": {"id": "__var_t2vAE0XY", "inlet": 1}, "from": {"id": "inlet_evkbiMQ0", "outlet": 0}, "type": "-->"}], "objects": {"comment_OSupHThZ": {"args": {"text": "@hv_arg \\$1 k float 0 false"}, "type": "comment", "properties": {"y": 119, "x": 11}, "annotations": {}}, "inlet_PtymJK1E": {"args": {"index": 0, "type": "-->", "name": ""}, "type": "inlet", "properties": {"y": 20, "x": 13}}, "__var_t2vAE0XY": {"args": {"k": 0.0}, "type": "__var", "properties": {"y": 60, "x": 13}, "annotations": {}}, "inlet_evkbiMQ0": {"args": {"index": 1, "type": "-->", "name": ""}, "type": "inlet", "properties": {"y": 20, "x": 124}}, "outlet_TQKxrXFz": {"args": {"index": 0, "type": "-->", "name": ""}, "type": "outlet", "properties": {"y": 90, "x": 13}}}, "type": "graph", "properties": {"y": 232, "x": 150}}, "trigger_k4DejHaU": {"args": {"casts": ["a", "a"]}, "type": "sequence", "properties": {"y": 621, "x": 174}}, "+_hZZ0Eqz0": {"args": {"k": 0.0}, "type": "+", "properties": {"y": 649, "x": 159}}, "sel_fAmfSd9N": {"imports": [], "args": [], "connections": [{"to": {"id": "switchcase", "inlet": 0}, "from": {"id": "inlet", "outlet": 0}, "type": "-->"}, {"to": {"id": "outlet_right", "inlet": 0}, "from": {"id": "switchcase", "outlet": 2}, "type": "-->"}, {"to": {"id": "__cast_b_0", "inlet": 0}, "from": {"id": "switchcase", "outlet": 0}, "type": "-->"}, {"to": {"id": "outlet_0", "inlet": 0}, "from": {"id": "__cast_b_0", "outlet": 0}, "type": "-->"}, {"to": {"id": "__cast_b_1", "inlet": 0}, "from": {"id": "switchcase", "outlet": 1}, "type": "-->"}, {"to": {"id": "outlet_1", "inlet": 0}, "from": {"id": "__cast_b_1", "outlet": 0}, "type": "-->"}], "objects": {"__cast_b_1": {"args": {}, "type": "__cast_b", "properties": {"y": 0, "x": 0}}, "__cast_b_0": {"args": {}, "type": "__cast_b", "properties": {"y": 0, "x": 0}}, "inlet_right": {"args": {"index": 1, "type": "-->"}, "type": "inlet", "properties": {"y": 0, "x": 0}}, "inlet": {"args": {"index": 0, "type": "-->"}, "type": "inlet", "properties": {"y": 0, "x": 0}}, "outlet_0": {"args": {"index": 0, "type": "-->"}, "type": "outlet", "properties": {"y": 0, "x": 0}}, "outlet_1": {"args": {"index": 1, "type": "-->"}, "type": "outlet", "properties": {"y": 0, "x": 0}}, "outlet_right": {"args": {"index": 2, "type": "-->"}, "type": "outlet", "properties": {"y": 0, "x": 0}}, "switchcase": {"args": {"cases": [0.0, 1.0]}, "type": "__switchcase", "properties": {"y": 0, "x": 0}}}, "type": "graph", "properties": {"y": 509, "x": 118}}, "msg_rCLsajv9": {"args": {"remote": [], "local": [["1"]]}, "type": "message", "properties": {"y": 378, "x": 118}}, "+_pkNw1klu": {"args": {"k": 0.0}, "type": "+", "properties": {"y": 709, "x": 214}}, "trigger_l1ctLjJ4": {"args": {"casts": ["f", "b"]}, "type": "sequence", "properties": {"y": 187, "x": 62}}, "*_G65I1sHW": {"args": {"k": 0.0}, "type": "*", "properties": {"y": 341, "x": 464}}, "sel_hrHECl7z": {"imports": [], "args": [], "connections": [{"to": {"id": "switchcase", "inlet": 0}, "from": {"id": "inlet", "outlet": 0}, "type": "-->"}, {"to": {"id": "outlet_right", "inlet": 0}, "from": {"id": "switchcase", "outlet": 1}, "type": "-->"}, {"to": {"id": "__cast_b_0", "inlet": 0}, "from": {"id": "switchcase", "outlet": 0}, "type": "-->"}, {"to": {"id": "outlet_0", "inlet": 0}, "from": {"id": "__cast_b_0", "outlet": 0}, "type": "-->"}], "objects": {"__cast_b_0": {"args": {}, "type": "__cast_b", "properties": {"y": 0, "x": 0}}, "inlet_right": {"args": {"index": 1, "type": "-->"}, "type": "inlet", "properties": {"y": 0, "x": 0}}, "inlet": {"args": {"index": 0, "type": "-->"}, "type": "inlet", "properties": {"y": 0, "x": 0}}, "outlet_0": {"args": {"index": 0, "type": "-->"}, "type": "outlet", "properties": {"y": 0, "x": 0}}, "outlet_right": {"args": {"index": 1, "type": "-->"}, "type": "outlet", "properties": {"y": 0, "x": 0}}, "switchcase": {"args": {"cases": [0.0]}, "type": "__switchcase", "properties": {"y": 0, "x": 0}}}, "type": "graph", "properties": {"y": 143, "x": 373}}}, "type": "graph", "properties": {"y": 206, "x": 401}}, "*~_6FibYuev": {"args": {"k": 0.4}, "type": "*", "properties": {"y": 283, "x": 403}}, "msg_rI9hiMJ0": {"args": {"remote": [], "local": [["pd", "dsp", "$1"]]}, "type": "message", "properties": {"y": 37, "x": 36}}, "dac~_hNNlhCxy": {"args": {"channels": [1, 2]}, "type": "dac", "properties": {"y": 287, "x": 536}}, "msg_RxuYHCwB": {"args": {"remote": [], "local": [["160", "10"]]}, "type": "message", "properties": {"y": 150, "x": 515}}, "graph_Y93b4njW": {"imports": [], "args": [], "connections": [{"to": {"id": "*~_1ylCF9xO", "inlet": 0}, "from": {"id": "*~_YM8nTAbR", "outlet": 0}, "type": "~f>"}, {"to": {"id": "*~_dKV0zggD", "inlet": 0}, "from": {"id": "*~_YM8nTAbR", "outlet": 0}, "type": "~f>"}, {"to": {"id": "*~_NbLM078k", "inlet": 0}, "from": {"id": "*~_1ylCF9xO", "outlet": 0}, "type": "~f>"}, {"to": {"id": "*~_1ylCF9xO", "inlet": 1}, "from": {"id": "*~_oh9q8ok9", "outlet": 0}, "type": "~f>"}, {"to": {"id": "*~_YM8nTAbR", "inlet": 1}, "from": {"id": "*~_oh9q8ok9", "outlet": 0}, "type": "~f>"}, {"to": {"id": "outlet~_qazU8rao", "inlet": 0}, "from": {"id": "+~_ih4jHidR", "outlet": 0}, "type": "~f>"}, {"to": {"id": "-~_aa7bKl6X", "inlet": 0}, "from": {"id": "graph_juzIB2Gb", "outlet": 0}, "type": "~f>"}, {"to": {"id": "graph_juzIB2Gb", "inlet": 0}, "from": {"id": "-~_uSq1mHPO", "outlet": 0}, "type": "~f>"}, {"to": {"id": "*~_oh9q8ok9", "inlet": 0}, "from": {"id": "*~_Z9ufnfko", "outlet": 0}, "type": "~f>"}, {"to": {"id": "*~_oh9q8ok9", "inlet": 1}, "from": {"id": "*~_Z9ufnfko", "outlet": 0}, "type": "~f>"}, {"to": {"id": "*~_YM8nTAbR", "inlet": 0}, "from": {"id": "*~_Z9ufnfko", "outlet": 0}, "type": "~f>"}, {"to": {"id": "+~_weWCQ5re", "inlet": 0}, "from": {"id": "*~_Z9ufnfko", "outlet": 0}, "type": "~f>"}, {"to": {"id": "*~_Z9ufnfko", "inlet": 0}, "from": {"id": "-~_aa7bKl6X", "outlet": 0}, "type": "~f>"}, {"to": {"id": "phasor_mtXQciJX", "inlet": 1}, "from": {"id": "inlet_HBESGQoZ", "outlet": 0}, "type": "-->"}, {"to": {"id": "phasor_mtXQciJX", "inlet": 0}, "from": {"id": "inlet_8ybfdjSL", "outlet": 0}, "type": "-~>"}, {"to": {"id": "+~_ih4jHidR", "inlet": 1}, "from": {"id": "*~_NbLM078k", "outlet": 0}, "type": "~f>"}, {"to": {"id": "-~_uSq1mHPO", "inlet": 0}, "from": {"id": "phasor_mtXQciJX", "outlet": 0}, "type": "~f>"}, {"to": {"id": "+~_weWCQ5re", "inlet": 1}, "from": {"id": "*~_dKV0zggD", "outlet": 0}, "type": "~f>"}, {"to": {"id": "+~_ih4jHidR", "inlet": 0}, "from": {"id": "+~_weWCQ5re", "outlet": 0}, "type": "~f>"}], "objects": {"comment_ETTgCHhg": {"args": {"text": "@hv_arg \\$1 frequency float 440 false"}, "type": "comment", "properties": {"y": 320, "x": 17}, "annotations": {}}, "graph_juzIB2Gb": {"imports": [], "args": [], "connections": [{"to": {"id": "outlet~_jCk26zoH", "inlet": 0}, "from": {"id": "__abs~f_uZuYXPoh", "outlet": 0}, "type": "~f>"}, {"to": {"id": "__abs~f_uZuYXPoh", "inlet": 0}, "from": {"id": "inlet~_oueFHmfq", "outlet": 0}, "type": "~f>"}], "objects": {"outlet~_jCk26zoH": {"args": {"index": 0, "type": "~f>", "name": ""}, "type": "outlet", "properties": {"y": 80, "x": 13}}, "inlet~_oueFHmfq": {"args": {"index": 0, "type": "~f>", "name": ""}, "type": "inlet", "properties": {"y": 20, "x": 13}}, "__abs~f_uZuYXPoh": {"args": {}, "type": "__abs~f", "properties": {"y": 50, "x": 13}, "annotations": {}}}, "type": "graph", "properties": {"y": 78, "x": 18}}, "inlet_8ybfdjSL": {"args": {"index": 0, "type": "-~>", "name": ""}, "type": "inlet", "properties": {"y": 9, "x": 18}}, "comment_dUxNZVga": {"args": {"text": "a cosine oscillator"}, "type": "comment", "properties": {"y": 335, "x": 16}, "annotations": {}}, "outlet~_qazU8rao": {"args": {"index": 0, "type": "~f>", "name": ""}, "type": "outlet", "properties": {"y": 299, "x": 18}}, "*~_YM8nTAbR": {"args": {"k": 0.0}, "type": "*", "properties": {"y": 178, "x": 33}}, "+~_ih4jHidR": {"args": {"k": 0.0}, "type": "+", "properties": {"y": 276, "x": 18}}, "phasor_mtXQciJX": {"args": {}, "type": "phasor", "properties": {"y": 33, "x": 18}, "annotations": {}}, "comment_AXKRSZnT": {"args": {"text": "x^2"}, "type": "comment", "properties": {"y": 153, "x": 74}, "annotations": {}}, "*~_dKV0zggD": {"args": {"k": -0.166666666666667}, "type": "*", "properties": {"y": 202, "x": 33}}, "comment_mSzIRdjn": {"args": {"text": "x^3"}, "type": "comment", "properties": {"y": 178, "x": 57}, "annotations": {}}, "-~_uSq1mHPO": {"args": {"k": 0.5}, "type": "-", "properties": {"y": 56, "x": 18}}, "*~_1ylCF9xO": {"args": {"k": 0.0}, "type": "*", "properties": {"y": 231, "x": 44}}, "*~_oh9q8ok9": {"args": {"k": 0.0}, "type": "*", "properties": {"y": 154, "x": 48}}, "comment_sTdodrer": {"args": {"text": "[-0.25 \\, +0.25]"}, "type": "comment", "properties": {"y": 98, "x": 67}, "annotations": {}}, "comment_aZ82ZpH2": {"args": {"text": "-5% to adjust for taylor expansion"}, "type": "comment", "properties": {"y": 278, "x": 44}, "annotations": {}}, "+~_weWCQ5re": {"args": {"k": 0.0}, "type": "+", "properties": {"y": 254, "x": 18}}, "inlet_HBESGQoZ": {"args": {"index": 1, "type": "-->", "name": ""}, "type": "inlet", "properties": {"y": 9, "x": 135}}, "-~_aa7bKl6X": {"args": {"k": 0.25}, "type": "-", "properties": {"y": 99, "x": 18}}, "comment_TPet9RuL": {"args": {"text": "x"}, "type": "comment", "properties": {"y": 122, "x": 85}, "annotations": {}}, "*~_Z9ufnfko": {"args": {"k": 6.283185307179586}, "type": "*", "properties": {"y": 122, "x": 18}}, "comment_msGc78Fg": {"args": {"text": "x^5"}, "type": "comment", "properties": {"y": 231, "x": 68}, "annotations": {}}, "*~_NbLM078k": {"args": {"k": 0.007833333333333}, "type": "*", "properties": {"y": 255, "x": 44}}}, "type": "graph", "properties": {"y": 237, "x": 403}}, "graph_aYu2ppRP": {"imports": [], "args": [], "connections": [{"to": {"id": "__switchcase_oBC3qp8t", "inlet": 0}, "from": {"id": "inlet_GKcp6VBt", "outlet": 0}, "type": "-->"}, {"to": {"id": "__delay_bwQD5mhn", "inlet": 1}, "from": {"id": "inlet_8FsVQObP", "outlet": 0}, "type": "-->"}, {"to": {"id": "msg_t8WBHEWd", "inlet": 0}, "from": {"id": "__switchcase_oBC3qp8t", "outlet": 0}, "type": "-->"}, {"to": {"id": "trigger_OZOYJf30", "inlet": 0}, "from": {"id": "__switchcase_oBC3qp8t", "outlet": 1}, "type": "-->"}, {"to": {"id": "__delay_bwQD5mhn", "inlet": 0}, "from": {"id": "msg_t8WBHEWd", "outlet": 0}, "type": "-->"}, {"to": {"id": "outlet_qJLpk7Fq", "inlet": 0}, "from": {"id": "__delay_bwQD5mhn", "outlet": 0}, "type": "-->"}, {"to": {"id": "__delay_bwQD5mhn", "inlet": 0}, "from": {"id": "trigger_OZOYJf30", "outlet": 0}, "type": "-->"}, {"to": {"id": "__delay_bwQD5mhn", "inlet": 1}, "from": {"id": "trigger_OZOYJf30", "outlet": 1}, "type": "-->"}, {"to": {"id": "msg_t8WBHEWd", "inlet": 0}, "from": {"id": "trigger_OZOYJf30", "outlet": 2}, "type": "-->"}], "objects": {"__switchcase_oBC3qp8t": {"args": {"cases": ["stop"]}, "type": "__switchcase", "properties": {"y": 43, "x": 21}}, "comment_YHuXI5ez": {"args": {"text": "@hv_arg \\$1 delay float 0 false"}, "type": "comment", "properties": {"y": 221, "x": 67}, "annotations": {}}, "inlet_GKcp6VBt": {"args": {"index": 0, "type": "-->", "name": ""}, "type": "inlet", "properties": {"y": 20, "x": 21}}, "outlet_qJLpk7Fq": {"args": {"index": 0, "type": "-->", "name": ""}, "type": "outlet", "properties": {"y": 221, "x": 21}}, "inlet_8FsVQObP": {"args": {"index": 1, "type": "-->", "name": ""}, "type": "inlet", "properties": {"y": 20, "x": 144}}, "msg_t8WBHEWd": {"args": {"remote": [], "local": [["clear"]]}, "type": "message", "properties": {"y": 149, "x": 21}}, "__delay_bwQD5mhn": {"args": {"delay": 210.0}, "type": "__delay", "properties": {"y": 196, "x": 21}, "annotations": {}}, "trigger_OZOYJf30": {"args": {"casts": ["b", "a", "a"]}, "type": "sequence", "properties": {"y": 67, "x": 186}}}, "type": "graph", "properties": {"y": 128, "x": 589}}, "msg_VVLkGVcH": {"args": {"remote": [], "local": [["0", "250"]]}, "type": "message", "properties": {"y": 151, "x": 588}}, "graph_PdytN4wL": {"imports": [], "args": [], "connections": [{"to": {"id": "route_rF8xaz0V", "inlet": 0}, "from": {"id": "inlet_GqvARCCQ", "outlet": 0}, "type": "-->"}, {"to": {"id": "trigger_BpsdrKmO", "inlet": 0}, "from": {"id": "graph_BQhN1FIB", "outlet": 0}, "type": "-->"}, {"to": {"id": "graph_ZrkwEZUJ", "inlet": 1}, "from": {"id": "/_HAGeRVKB", "outlet": 0}, "type": "-->"}, {"to": {"id": "/_HAGeRVKB", "inlet": 0}, "from": {"id": "*_8WwrJYTB", "outlet": 0}, "type": "-->"}, {"to": {"id": "graph_ZrkwEZUJ", "inlet": 0}, "from": {"id": "graph_UtR7eqLn", "outlet": 0}, "type": "-->"}, {"to": {"id": "/_QwpZsQoR", "inlet": 0}, "from": {"id": "*_WTzgOz0S", "outlet": 0}, "type": "-->"}, {"to": {"id": "-_LfeDV0Ha", "inlet": 1}, "from": {"id": "/_QwpZsQoR", "outlet": 0}, "type": "-->"}, {"to": {"id": "-_LfeDV0Ha", "inlet": 0}, "from": {"id": "graph_ZrkwEZUJ", "outlet": 0}, "type": "-->"}, {"to": {"id": "<=_uWbt1loa", "inlet": 0}, "from": {"id": "graph_ZrkwEZUJ", "outlet": 0}, "type": "-->"}, {"to": {"id": "graph_ZrkwEZUJ", "inlet": 1}, "from": {"id": "-_LfeDV0Ha", "outlet": 0}, "type": "-->"}, {"to": {"id": "graph_UtR7eqLn", "inlet": 0}, "from": {"id": "msg_re25LWZT", "outlet": 0}, "type": "-->"}, {"to": {"id": "graph_9gZP0aEI", "inlet": 0}, "from": {"id": "sel_N7CoCXdF", "outlet": 0}, "type": "-->"}, {"to": {"id": "trigger_zB9CSWPm", "inlet": 0}, "from": {"id": "sel_N7CoCXdF", "outlet": 1}, "type": "-->"}, {"to": {"id": "trigger_MiJgB8m7", "inlet": 0}, "from": {"id": "msg_5Vd3T6UA", "outlet": 0}, "type": "-->"}, {"to": {"id": "sel_N7CoCXdF", "inlet": 0}, "from": {"id": "<=_uWbt1loa", "outlet": 0}, "type": "-->"}, {"to": {"id": "graph_9gZP0aEI", "inlet": 1}, "from": {"id": "+_w8aRasBM", "outlet": 0}, "type": "-->"}, {"to": {"id": "/_WCY7M9i0", "inlet": 1}, "from": {"id": "/_1l5UeplO", "outlet": 0}, "type": "-->"}, {"to": {"id": "trigger_baHXr8mE", "inlet": 0}, "from": {"id": "/_WCY7M9i0", "outlet": 0}, "type": "-->"}, {"to": {"id": "/_1l5UeplO", "inlet": 0}, "from": {"id": "trigger_gauYO9pv", "outlet": 0}, "type": "-->"}, {"to": {"id": "*_8WwrJYTB", "inlet": 0}, "from": {"id": "trigger_gauYO9pv", "outlet": 1}, "type": "-->"}, {"to": {"id": "-_c9bRxIQa", "inlet": 0}, "from": {"id": "trigger_fFCpWnX2", "outlet": 0}, "type": "-->"}, {"to": {"id": "graph_aSywFD8O", "inlet": 1}, "from": {"id": "trigger_fFCpWnX2", "outlet": 1}, "type": "-->"}, {"to": {"id": "graph_aSywFD8O", "inlet": 0}, "from": {"id": "trigger_zB9CSWPm", "outlet": 0}, "type": "-->"}, {"to": {"id": "msg_5Vd3T6UA", "inlet": 0}, "from": {"id": "trigger_zB9CSWPm", "outlet": 1}, "type": "-->"}, {"to": {"id": "graph_Oozb88n3", "inlet": 0}, "from": {"id": "+_4B1v4rF9", "outlet": 0}, "type": "-->"}, {"to": {"id": "*_8WwrJYTB", "inlet": 1}, "from": {"id": "trigger_BpsdrKmO", "outlet": 0}, "type": "-->"}, {"to": {"id": "*_WTzgOz0S", "inlet": 1}, "from": {"id": "trigger_BpsdrKmO", "outlet": 1}, "type": "-->"}, {"to": {"id": "msg_xHgh1yRy", "inlet": 0}, "from": {"id": "route_rF8xaz0V", "outlet": 0}, "type": "-->"}, {"to": {"id": "trigger_286VtWOp", "inlet": 0}, "from": {"id": "route_rF8xaz0V", "outlet": 1}, "type": "-->"}, {"to": {"id": "trigger_0pd3exjc", "inlet": 0}, "from": {"id": "route_rF8xaz0V", "outlet": 2}, "type": "-->"}, {"to": {"id": "graph_UtR7eqLn", "inlet": 0}, "from": {"id": "msg_xHgh1yRy", "outlet": 0}, "type": "-->"}, {"to": {"id": "graph_144TMwJt", "inlet": 1}, "from": {"id": "inlet_lrruXddi", "outlet": 0}, "type": "-->"}, {"to": {"id": "max_NTkQIfzb", "inlet": 0}, "from": {"id": "inlet_kOKEQAj4", "outlet": 0}, "type": "-->"}, {"to": {"id": "trigger_gauYO9pv", "inlet": 0}, "from": {"id": "graph_144TMwJt", "outlet": 0}, "type": "-->"}, {"to": {"id": "graph_144TMwJt", "inlet": 1}, "from": {"id": "msg_VNoKmyqk", "outlet": 0}, "type": "-->"}, {"to": {"id": "sel_bwCQ99mK", "inlet": 0}, "from": {"id": "graph_2CtCjJDj", "outlet": 0}, "type": "-->"}, {"to": {"id": "graph_2CtCjJDj", "inlet": 0}, "from": {"id": "max_NTkQIfzb", "outlet": 0}, "type": "-->"}, {"to": {"id": "msg_c4MMpQIV", "inlet": 0}, "from": {"id": "sel_bwCQ99mK", "outlet": 0}, "type": "-->"}, {"to": {"id": "trigger_wRYgUKkW", "inlet": 0}, "from": {"id": "sel_bwCQ99mK", "outlet": 1}, "type": "-->"}, {"to": {"id": "trigger_wRYgUKkW", "inlet": 0}, "from": {"id": "msg_c4MMpQIV", "outlet": 0}, "type": "-->"}, {"to": {"id": "-_c9bRxIQa", "inlet": 1}, "from": {"id": "graph_Oozb88n3", "outlet": 0}, "type": "-->"}, {"to": {"id": "graph_9gZP0aEI", "inlet": 0}, "from": {"id": "graph_aSywFD8O", "outlet": 0}, "type": "-->"}, {"to": {"id": "+_w8aRasBM", "inlet": 0}, "from": {"id": "graph_9gZP0aEI", "outlet": 0}, "type": "-->"}, {"to": {"id": "trigger_EEwpH7tQ", "inlet": 0}, "from": {"id": "graph_9gZP0aEI", "outlet": 0}, "type": "-->"}, {"to": {"id": "trigger_SgDsNedF", "inlet": 0}, "from": {"id": "trigger_286VtWOp", "outlet": 0}, "type": "-->"}, {"to": {"id": "msg_xHgh1yRy", "inlet": 0}, "from": {"id": "trigger_286VtWOp", "outlet": 1}, "type": "-->"}, {"to": {"id": "/_WCY7M9i0", "inlet": 0}, "from": {"id": "-_c9bRxIQa", "outlet": 0}, "type": "-->"}, {"to": {"id": "trigger_baHXr8mE", "inlet": 0}, "from": {"id": "trigger_MiJgB8m7", "outlet": 0}, "type": "-->"}, {"to": {"id": "graph_UtR7eqLn", "inlet": 0}, "from": {"id": "trigger_MiJgB8m7", "outlet": 1}, "type": "-->"}, {"to": {"id": "+_w8aRasBM", "inlet": 1}, "from": {"id": "trigger_baHXr8mE", "outlet": 0}, "type": "-->"}, {"to": {"id": "+_4B1v4rF9", "inlet": 1}, "from": {"id": "trigger_baHXr8mE", "outlet": 1}, "type": "-->"}, {"to": {"id": "graph_9gZP0aEI", "inlet": 1}, "from": {"id": "trigger_SgDsNedF", "outlet": 0}, "type": "-->"}, {"to": {"id": "+_4B1v4rF9", "inlet": 0}, "from": {"id": "trigger_SgDsNedF", "outlet": 1}, "type": "-->"}, {"to": {"id": "msg_5Vd3T6UA", "inlet": 0}, "from": {"id": "trigger_SgDsNedF", "outlet": 2}, "type": "-->"}, {"to": {"id": "graph_UtR7eqLn", "inlet": 1}, "from": {"id": "trigger_wRYgUKkW", "outlet": 0}, "type": "-->"}, {"to": {"id": "/_1l5UeplO", "inlet": 1}, "from": {"id": "trigger_wRYgUKkW", "outlet": 1}, "type": "-->"}, {"to": {"id": "*_WTzgOz0S", "inlet": 0}, "from": {"id": "trigger_wRYgUKkW", "outlet": 2}, "type": "-->"}, {"to": {"id": "outlet_l25bbaGN", "inlet": 0}, "from": {"id": "trigger_EEwpH7tQ", "outlet": 0}, "type": "-->"}, {"to": {"id": "+_4B1v4rF9", "inlet": 0}, "from": {"id": "trigger_EEwpH7tQ", "outlet": 1}, "type": "-->"}, {"to": {"id": "graph_2CtCjJDj", "inlet": 0}, "from": {"id": "trigger_wXFLI8b7", "outlet": 0}, "type": "-->"}, {"to": {"id": "graph_Oozb88n3", "inlet": 0}, "from": {"id": "trigger_wXFLI8b7", "outlet": 1}, "type": "-->"}, {"to": {"id": "graph_BQhN1FIB", "inlet": 0}, "from": {"id": "trigger_wXFLI8b7", "outlet": 2}, "type": "-->"}, {"to": {"id": "trigger_fFCpWnX2", "inlet": 0}, "from": {"id": "unpack_7OWo4Gcn", "outlet": 0}, "type": "-->"}, {"to": {"id": "trigger_gauYO9pv", "inlet": 0}, "from": {"id": "unpack_7OWo4Gcn", "outlet": 1}, "type": "-->"}, {"to": {"id": "msg_VNoKmyqk", "inlet": 0}, "from": {"id": "trigger_0pd3exjc", "outlet": 0}, "type": "-->"}, {"to": {"id": "msg_re25LWZT", "inlet": 0}, "from": {"id": "trigger_0pd3exjc", "outlet": 1}, "type": "-->"}, {"to": {"id": "unpack_7OWo4Gcn", "inlet": 0}, "from": {"id": "trigger_0pd3exjc", "outlet": 2}, "type": "-->"}, {"to": {"id": "graph_144TMwJt", "inlet": 0}, "from": {"id": "trigger_0pd3exjc", "outlet": 3}, "type": "-->"}, {"to": {"id": "trigger_wXFLI8b7", "inlet": 0}, "from": {"id": "graph_bie9quUN", "outlet": 0}, "type": "-->"}], "objects": {"trigger_baHXr8mE": {"args": {"casts": ["a", "a"]}, "type": "sequence", "properties": {"y": 621, "x": 174}}, "trigger_BpsdrKmO": {"args": {"casts": ["a", "a"]}, "type": "sequence", "properties": {"y": 142, "x": 452}}, "+_4B1v4rF9": {"args": {"k": 0.0}, "type": "+", "properties": {"y": 709, "x": 214}}, "trigger_MiJgB8m7": {"args": {"casts": ["a", "a"]}, "type": "sequence", "properties": {"y": 597, "x": 174}}, "inlet_GqvARCCQ": {"args": {"index": 0, "type": "-->", "name": ""}, "type": "inlet", "properties": {"y": 17, "x": 22}}, "/_HAGeRVKB": {"args": {"k": 1000.0}, "type": "/", "properties": {"y": 317, "x": 437}}, "comment_k28gs3xC": {"args": {"text": "@hv_arg \\$1 initial_value float 0 false"}, "type": "comment", "properties": {"y": 691, "x": 284}, "annotations": {}}, "sel_bwCQ99mK": {"imports": [], "args": [], "connections": [{"to": {"id": "switchcase", "inlet": 0}, "from": {"id": "inlet", "outlet": 0}, "type": "-->"}, {"to": {"id": "outlet_right", "inlet": 0}, "from": {"id": "switchcase", "outlet": 1}, "type": "-->"}, {"to": {"id": "__cast_b_0", "inlet": 0}, "from": {"id": "switchcase", "outlet": 0}, "type": "-->"}, {"to": {"id": "outlet_0", "inlet": 0}, "from": {"id": "__cast_b_0", "outlet": 0}, "type": "-->"}], "objects": {"__cast_b_0": {"args": {}, "type": "__cast_b", "properties": {"y": 0, "x": 0}}, "inlet_right": {"args": {"index": 1, "type": "-->"}, "type": "inlet", "properties": {"y": 0, "x": 0}}, "inlet": {"args": {"index": 0, "type": "-->"}, "type": "inlet", "properties": {"y": 0, "x": 0}}, "outlet_0": {"args": {"index": 0, "type": "-->"}, "type": "outlet", "properties": {"y": 0, "x": 0}}, "outlet_right": {"args": {"index": 1, "type": "-->"}, "type": "outlet", "properties": {"y": 0, "x": 0}}, "switchcase": {"args": {"cases": [0.0]}, "type": "__switchcase", "properties": {"y": 0, "x": 0}}}, "type": "graph", "properties": {"y": 143, "x": 373}}, "graph_UtR7eqLn": {"imports": [], "args": [], "connections": [{"to": {"id": "__switchcase_hwCPlfVr", "inlet": 0}, "from": {"id": "inlet_OiAn4vxG", "outlet": 0}, "type": "-->"}, {"to": {"id": "graph_IBtJsUmQ", "inlet": 0}, "from": {"id": "inlet_thic5qjW", "outlet": 0}, "type": "-->"}, {"to": {"id": "msg_idWfrmzO", "inlet": 0}, "from": {"id": "__switchcase_hwCPlfVr", "outlet": 0}, "type": "-->"}, {"to": {"id": "msg_idWfrmzO", "inlet": 0}, "from": {"id": "__switchcase_hwCPlfVr", "outlet": 1}, "type": "-->"}, {"to": {"id": "graph_aH8H0vP8", "inlet": 0}, "from": {"id": "__switchcase_hwCPlfVr", "outlet": 2}, "type": "-->"}, {"to": {"id": "__delay_Xb32J5oD", "inlet": 0}, "from": {"id": "msg_idWfrmzO", "outlet": 0}, "type": "-->"}, {"to": {"id": "outlet_DznZdGYt", "inlet": 0}, "from": {"id": "trigger_GUiYLZGH", "outlet": 0}, "type": "-->"}, {"to": {"id": "__delay_Xb32J5oD", "inlet": 0}, "from": {"id": "trigger_GUiYLZGH", "outlet": 1}, "type": "-->"}, {"to": {"id": "trigger_GUiYLZGH", "inlet": 0}, "from": {"id": "__delay_Xb32J5oD", "outlet": 0}, "type": "-->"}, {"to": {"id": "trigger_Or26j9ae", "inlet": 0}, "from": {"id": "graph_aH8H0vP8", "outlet": 0}, "type": "-->"}, {"to": {"id": "trigger_GUiYLZGH", "inlet": 0}, "from": {"id": "trigger_Or26j9ae", "outlet": 0}, "type": "-->"}, {"to": {"id": "msg_idWfrmzO", "inlet": 0}, "from": {"id": "trigger_Or26j9ae", "outlet": 1}, "type": "-->"}, {"to": {"id": "__delay_Xb32J5oD", "inlet": 2}, "from": {"id": "max_RO7KV7Qc", "outlet": 0}, "type": "-->"}, {"to": {"id": "/_JeUO7TbY", "inlet": 0}, "from": {"id": "graph_u5eJzp6H", "outlet": 0}, "type": "-->"}, {"to": {"id": "*_Nvzllyyt", "inlet": 1}, "from": {"id": "/_JeUO7TbY", "outlet": 0}, "type": "-->"}, {"to": {"id": "max_RO7KV7Qc", "inlet": 0}, "from": {"id": "*_Nvzllyyt", "outlet": 0}, "type": "-->"}, {"to": {"id": "*_Nvzllyyt", "inlet": 0}, "from": {"id": "graph_IBtJsUmQ", "outlet": 0}, "type": "-->"}, {"to": {"id": "graph_IBtJsUmQ", "inlet": 0}, "from": {"id": "trigger_IlqSgOmn", "outlet": 0}, "type": "-->"}, {"to": {"id": "graph_u5eJzp6H", "inlet": 0}, "from": {"id": "trigger_IlqSgOmn", "outlet": 1}, "type": "-->"}, {"to": {"id": "trigger_IlqSgOmn", "inlet": 0}, "from": {"id": "graph_AsbnAHG0", "outlet": 0}, "type": "-->"}], "objects": {"trigger_GUiYLZGH": {"args": {"casts": ["a", "a"]}, "type": "sequence", "properties": {"y": 175, "x": 62}}, "outlet_DznZdGYt": {"args": {"index": 0, "type": "-->", "name": ""}, "type": "outlet", "properties": {"y": 205, "x": 62}}, "msg_idWfrmzO": {"args": {"remote": [], "local": [["clear"]]}, "type": "message", "properties": {"y": 145, "x": 150}}, "comment_QkJCakgG": {"args": {"text": "minimum period is set to one sample"}, "type": "comment", "properties": {"y": 162, "x": 264}, "annotations": {}}, "inlet_thic5qjW": {"args": {"index": 1, "type": "-->", "name": ""}, "type": "inlet", "properties": {"y": 7, "x": 255}}, "graph_aH8H0vP8": {"imports": [], "args": [], "connections": [{"to": {"id": "__cast_b_GMmBd47P", "inlet": 0}, "from": {"id": "inlet_iFdQEsar", "outlet": 0}, "type": "-->"}, {"to": {"id": "outlet_XGHlWs0f", "inlet": 0}, "from": {"id": "__cast_b_GMmBd47P", "outlet": 0}, "type": "-->"}], "objects": {"__cast_b_GMmBd47P": {"args": {}, "type": "__cast_b", "properties": {"y": 33, "x": 9}, "annotations": {}}, "inlet_iFdQEsar": {"args": {"index": 0, "type": "-->", "name": ""}, "type": "inlet", "properties": {"y": 10, "x": 9}}, "outlet_XGHlWs0f": {"args": {"index": 0, "type": "-->", "name": ""}, "type": "outlet", "properties": {"y": 57, "x": 9}}}, "type": "graph", "properties": {"y": 122, "x": 62}}, "trigger_Or26j9ae": {"args": {"casts": ["a", "a"]}, "type": "sequence", "properties": {"y": 145, "x": 62}}, "graph_AsbnAHG0": {"imports": [], "args": [], "connections": [{"to": {"id": "outlet_chtvNeVO", "inlet": 0}, "from": {"id": "r_TwPihCV8", "outlet": 0}, "type": "-->"}], "objects": {"r_TwPihCV8": {"args": {"extern": null, "attributes": {}, "name": "__hv_init", "priority": 3997}, "type": "receive", "properties": {"y": 11, "x": 12}, "annotations": {"scope": "public"}}, "outlet_chtvNeVO": {"args": {"index": 0, "type": "-->", "name": ""}, "type": "outlet", "properties": {"y": 34, "x": 12}}, "comment_JY3AiDY9": {"args": {"text": "@hv_arg \\$1 priority int 0 false"}, "type": "comment", "properties": {"y": 58, "x": 12}, "annotations": {}}}, "type": "graph", "properties": {"y": 29, "x": 265}}, "graph_u5eJzp6H": {"imports": [], "args": [], "connections": [{"to": {"id": "msg_HWVd2TKq", "inlet": 0}, "from": {"id": "inlet_0EQLw8mO", "outlet": 0}, "type": "-->"}, {"to": {"id": "system_sLgBMALX", "inlet": 0}, "from": {"id": "msg_HWVd2TKq", "outlet": 0}, "type": "-->"}, {"to": {"id": "outlet_qPFtnnjx", "inlet": 0}, "from": {"id": "system_sLgBMALX", "outlet": 0}, "type": "-->"}], "objects": {"msg_HWVd2TKq": {"args": {"remote": [], "local": [["samplerate"]]}, "type": "message", "properties": {"y": 35, "x": 19}}, "inlet_0EQLw8mO": {"args": {"index": 0, "type": "-->", "name": ""}, "type": "inlet", "properties": {"y": 11, "x": 19}}, "outlet_qPFtnnjx": {"args": {"index": 0, "type": "-->", "name": ""}, "type": "outlet", "properties": {"y": 84, "x": 19}}, "system_sLgBMALX": {"args": {}, "type": "system", "properties": {"y": 59, "x": 19}, "annotations": {}}}, "type": "graph", "properties": {"y": 76, "x": 292}}, "graph_IBtJsUmQ": {"imports": [], "args": [], "connections": [{"to": {"id": "outlet_akEppD6I", "inlet": 0}, "from": {"id": "__var_1J7iRBUk", "outlet": 0}, "type": "-->"}, {"to": {"id": "__var_1J7iRBUk", "inlet": 0}, "from": {"id": "inlet_nF83iZ6B", "outlet": 0}, "type": "-->"}, {"to": {"id": "__var_1J7iRBUk", "inlet": 1}, "from": {"id": "inlet_zTTZ3P86", "outlet": 0}, "type": "-->"}], "objects": {"inlet_zTTZ3P86": {"args": {"index": 1, "type": "-->", "name": ""}, "type": "inlet", "properties": {"y": 20, "x": 124}}, "__var_1J7iRBUk": {"args": {"k": 20.0}, "type": "__var", "properties": {"y": 60, "x": 13}, "annotations": {}}, "outlet_akEppD6I": {"args": {"index": 0, "type": "-->", "name": ""}, "type": "outlet", "properties": {"y": 90, "x": 13}}, "inlet_nF83iZ6B": {"args": {"index": 0, "type": "-->", "name": ""}, "type": "inlet", "properties": {"y": 20, "x": 13}}, "comment_8dJKVirU": {"args": {"text": "@hv_arg \\$1 k float 0 false"}, "type": "comment", "properties": {"y": 119, "x": 11}, "annotations": {}}}, "type": "graph", "properties": {"y": 76, "x": 255}}, "__delay_Xb32J5oD": {"args": {}, "type": "__delay", "properties": {"y": 175, "x": 150}, "annotations": {}}, "max_RO7KV7Qc": {"args": {"k": 1.0}, "type": "max", "properties": {"y": 145, "x": 255}}, "__switchcase_hwCPlfVr": {"args": {"cases": [0.0, "stop"]}, "type": "__switchcase", "properties": {"y": 76, "x": 62}}, "*_Nvzllyyt": {"args": {"k": 0.0}, "type": "*", "properties": {"y": 123, "x": 255}}, "/_JeUO7TbY": {"args": {"k": 1000.0}, "type": "/", "properties": {"y": 99, "x": 292}}, "inlet_OiAn4vxG": {"args": {"index": 0, "type": "-->", "name": ""}, "type": "inlet", "properties": {"y": 50, "x": 62}}, "trigger_IlqSgOmn": {"args": {"casts": ["a", "a"]}, "type": "sequence", "properties": {"y": 52, "x": 265}}, "comment_mxXtwVo4": {"args": {"text": "@hv_arg \\$1 period float 1000 false"}, "type": "comment", "properties": {"y": 206, "x": 112}, "annotations": {}}}, "type": "graph", "properties": {"y": 409, "x": 118}}, "inlet_lrruXddi": {"args": {"index": 1, "type": "-->", "name": ""}, "type": "inlet", "properties": {"y": 202, "x": 165}}, "msg_xHgh1yRy": {"args": {"remote": [], "local": [["0"]]}, "type": "message", "properties": {"y": 232, "x": 22}}, "trigger_wXFLI8b7": {"args": {"casts": ["a", "a", "a"]}, "type": "sequence", "properties": {"y": 96, "x": 413}}, "trigger_fFCpWnX2": {"args": {"casts": ["f", "f"]}, "type": "sequence", "properties": {"y": 276, "x": 190}}, "comment_NGDj78b7": {"args": {"text": "next output value"}, "type": "comment", "properties": {"y": 397, "x": 469}, "annotations": {}}, "unpack_7OWo4Gcn": {"imports": [], "args": [], "connections": [{"to": {"id": "slice_1", "inlet": 0}, "from": {"id": "inlet", "outlet": 0}, "type": "-->"}, {"to": {"id": "outlet_1", "inlet": 0}, "from": {"id": "slice_1", "outlet": 0}, "type": "-->"}, {"to": {"id": "slice_0", "inlet": 0}, "from": {"id": "inlet", "outlet": 0}, "type": "-->"}, {"to": {"id": "outlet_0", "inlet": 0}, "from": {"id": "slice_0", "outlet": 0}, "type": "-->"}], "objects": {"slice_0": {"args": {"index": 0, "length": 1}, "type": "slice", "properties": {"y": 0, "x": 0}}, "slice_1": {"args": {"index": 1, "length": 1}, "type": "slice", "properties": {"y": 0, "x": 0}}, "outlet_0": {"args": {"index": 0, "type": "-->"}, "type": "outlet", "properties": {"y": 0, "x": 0}}, "outlet_1": {"args": {"index": 1, "type": "-->"}, "type": "outlet", "properties": {"y": 0, "x": 0}}, "inlet": {"args": {"index": 0, "type": "-->"}, "type": "inlet", "properties": {"y": 0, "x": 0}}}, "type": "graph", "properties": {"y": 114, "x": 137}}, "comment_Wcks6pY3": {"args": {"text": "@hv_arg \\$2 grain float 20 false"}, "type": "comment", "properties": {"y": 707, "x": 284}, "annotations": {}}, "+_w8aRasBM": {"args": {"k": 0.0}, "type": "+", "properties": {"y": 649, "x": 159}}, "trigger_wRYgUKkW": {"args": {"casts": ["a", "a", "a"]}, "type": "sequence", "properties": {"y": 193, "x": 373}}, "trigger_gauYO9pv": {"args": {"casts": ["f", "f"]}, "type": "sequence", "properties": {"y": 263, "x": 371}}, "graph_9gZP0aEI": {"imports": [], "args": [], "connections": [{"to": {"id": "outlet_deNhoPMt", "inlet": 0}, "from": {"id": "__var_ym4SkXCT", "outlet": 0}, "type": "-->"}, {"to": {"id": "__var_ym4SkXCT", "inlet": 0}, "from": {"id": "inlet_HuNqBUZe", "outlet": 0}, "type": "-->"}, {"to": {"id": "__var_ym4SkXCT", "inlet": 1}, "from": {"id": "inlet_5YEH2mHc", "outlet": 0}, "type": "-->"}], "objects": {"outlet_deNhoPMt": {"args": {"index": 0, "type": "-->", "name": ""}, "type": "outlet", "properties": {"y": 90, "x": 13}}, "comment_s9G1TuoO": {"args": {"text": "@hv_arg \\$1 k float 0 false"}, "type": "comment", "properties": {"y": 119, "x": 11}, "annotations": {}}, "inlet_HuNqBUZe": {"args": {"index": 0, "type": "-->", "name": ""}, "type": "inlet", "properties": {"y": 20, "x": 13}}, "inlet_5YEH2mHc": {"args": {"index": 1, "type": "-->", "name": ""}, "type": "inlet", "properties": {"y": 20, "x": 124}}, "__var_ym4SkXCT": {"args": {"k": 0.0}, "type": "__var", "properties": {"y": 60, "x": 13}, "annotations": {}}}, "type": "graph", "properties": {"y": 649, "x": 118}}, "graph_2CtCjJDj": {"imports": [], "args": [], "connections": [{"to": {"id": "outlet_ACPwmGwG", "inlet": 0}, "from": {"id": "__var_tuYfVKPe", "outlet": 0}, "type": "-->"}, {"to": {"id": "__var_tuYfVKPe", "inlet": 0}, "from": {"id": "inlet_Z9VF8GD1", "outlet": 0}, "type": "-->"}, {"to": {"id": "__var_tuYfVKPe", "inlet": 1}, "from": {"id": "inlet_ooyOqmeg", "outlet": 0}, "type": "-->"}], "objects": {"comment_tH1ph8VN": {"args": {"text": "@hv_arg \\$1 k float 0 false"}, "type": "comment", "properties": {"y": 119, "x": 11}, "annotations": {}}, "inlet_Z9VF8GD1": {"args": {"index": 0, "type": "-->", "name": ""}, "type": "inlet", "properties": {"y": 20, "x": 13}}, "outlet_ACPwmGwG": {"args": {"index": 0, "type": "-->", "name": ""}, "type": "outlet", "properties": {"y": 90, "x": 13}}, "inlet_ooyOqmeg": {"args": {"index": 1, "type": "-->", "name": ""}, "type": "inlet", "properties": {"y": 20, "x": 124}}, "__var_tuYfVKPe": {"args": {"k": 20.0}, "type": "__var", "properties": {"y": 60, "x": 13}, "annotations": {}}}, "type": "graph", "properties": {"y": 120, "x": 373}}, "graph_Oozb88n3": {"imports": [], "args": [], "connections": [{"to": {"id": "outlet_Q5mtL6AP", "inlet": 0}, "from": {"id": "__var_Mfe2ksJ6", "outlet": 0}, "type": "-->"}, {"to": {"id": "__var_Mfe2ksJ6", "inlet": 0}, "from": {"id": "inlet_SFcCyBX0", "outlet": 0}, "type": "-->"}, {"to": {"id": "__var_Mfe2ksJ6", "inlet": 1}, "from": {"id": "inlet_vknTJDRW", "outlet": 0}, "type": "-->"}], "objects": {"__var_Mfe2ksJ6": {"args": {"k": 0.0}, "type": "__var", "properties": {"y": 60, "x": 13}, "annotations": {}}, "inlet_vknTJDRW": {"args": {"index": 1, "type": "-->", "name": ""}, "type": "inlet", "properties": {"y": 20, "x": 124}}, "comment_QylMHO8N": {"args": {"text": "@hv_arg \\$1 k float 0 false"}, "type": "comment", "properties": {"y": 119, "x": 11}, "annotations": {}}, "outlet_Q5mtL6AP": {"args": {"index": 0, "type": "-->", "name": ""}, "type": "outlet", "properties": {"y": 90, "x": 13}}, "inlet_SFcCyBX0": {"args": {"index": 0, "type": "-->", "name": ""}, "type": "inlet", "properties": {"y": 20, "x": 13}}}, "type": "graph", "properties": {"y": 397, "x": 432}}, "trigger_0pd3exjc": {"args": {"casts": ["b", "b", "a", "b"]}, "type": "sequence", "properties": {"y": 70, "x": 103}}, "sel_N7CoCXdF": {"imports": [], "args": [], "connections": [{"to": {"id": "switchcase", "inlet": 0}, "from": {"id": "inlet", "outlet": 0}, "type": "-->"}, {"to": {"id": "outlet_right", "inlet": 0}, "from": {"id": "switchcase", "outlet": 2}, "type": "-->"}, {"to": {"id": "__cast_b_0", "inlet": 0}, "from": {"id": "switchcase", "outlet": 0}, "type": "-->"}, {"to": {"id": "outlet_0", "inlet": 0}, "from": {"id": "__cast_b_0", "outlet": 0}, "type": "-->"}, {"to": {"id": "__cast_b_1", "inlet": 0}, "from": {"id": "switchcase", "outlet": 1}, "type": "-->"}, {"to": {"id": "outlet_1", "inlet": 0}, "from": {"id": "__cast_b_1", "outlet": 0}, "type": "-->"}], "objects": {"__cast_b_1": {"args": {}, "type": "__cast_b", "properties": {"y": 0, "x": 0}}, "__cast_b_0": {"args": {}, "type": "__cast_b", "properties": {"y": 0, "x": 0}}, "inlet_right": {"args": {"index": 1, "type": "-->"}, "type": "inlet", "properties": {"y": 0, "x": 0}}, "inlet": {"args": {"index": 0, "type": "-->"}, "type": "inlet", "properties": {"y": 0, "x": 0}}, "outlet_0": {"args": {"index": 0, "type": "-->"}, "type": "outlet", "properties": {"y": 0, "x": 0}}, "outlet_1": {"args": {"index": 1, "type": "-->"}, "type": "outlet", "properties": {"y": 0, "x": 0}}, "outlet_right": {"args": {"index": 2, "type": "-->"}, "type": "outlet", "properties": {"y": 0, "x": 0}}, "switchcase": {"args": {"cases": [0.0, 1.0]}, "type": "__switchcase", "properties": {"y": 0, "x": 0}}}, "type": "graph", "properties": {"y": 509, "x": 118}}, "trigger_EEwpH7tQ": {"args": {"casts": ["a", "a"]}, "type": "sequence", "properties": {"y": 679, "x": 118}}, "/_WCY7M9i0": {"args": {"k": 0.0}, "type": "/", "properties": {"y": 457, "x": 270}}, "route_rF8xaz0V": {"imports": [], "args": [], "connections": [{"to": {"id": "switchcase", "inlet": 0}, "from": {"id": "inlet", "outlet": 0}, "type": "-->"}, {"to": {"id": "outlet_right", "inlet": 0}, "from": {"id": "switchcase", "outlet": 2}, "type": "-->"}, {"to": {"id": "slice_0", "inlet": 0}, "from": {"id": "switchcase", "outlet": 0}, "type": "-->"}, {"to": {"id": "outlet_0", "inlet": 0}, "from": {"id": "slice_0", "outlet": 0}, "type": "-->"}, {"to": {"id": "outlet_0", "inlet": 0}, "from": {"id": "slice_0", "outlet": 1}, "type": "-->"}, {"to": {"id": "slice_1", "inlet": 0}, "from": {"id": "switchcase", "outlet": 1}, "type": "-->"}, {"to": {"id": "outlet_1", "inlet": 0}, "from": {"id": "slice_1", "outlet": 0}, "type": "-->"}, {"to": {"id": "outlet_1", "inlet": 0}, "from": {"id": "slice_1", "outlet": 1}, "type": "-->"}], "objects": {"inlet_right": {"args": {"index": 1, "type": "-->"}, "type": "inlet", "properties": {"y": 0, "x": 0}}, "inlet": {"args": {"index": 0, "type": "-->"}, "type": "inlet", "properties": {"y": 0, "x": 0}}, "outlet_0": {"args": {"index": 0, "type": "-->"}, "type": "outlet", "properties": {"y": 0, "x": 0}}, "outlet_1": {"args": {"index": 1, "type": "-->"}, "type": "outlet", "properties": {"y": 0, "x": 0}}, "outlet_right": {"args": {"index": 2, "type": "-->"}, "type": "outlet", "properties": {"y": 0, "x": 0}}, "slice_0": {"args": {"index": 1, "length": -1}, "type": "slice", "properties": {"y": 0, "x": 0}}, "slice_1": {"args": {"index": 1, "length": -1}, "type": "slice", "properties": {"y": 0, "x": 0}}, "switchcase": {"args": {"cases": ["stop", "set"]}, "type": "__switchcase", "properties": {"y": 0, "x": 0}}}, "type": "graph", "properties": {"y": 47, "x": 22}}, "graph_aSywFD8O": {"imports": [], "args": [], "connections": [{"to": {"id": "outlet_LhvOGgYZ", "inlet": 0}, "from": {"id": "__var_mM3xBmy9", "outlet": 0}, "type": "-->"}, {"to": {"id": "__var_mM3xBmy9", "inlet": 0}, "from": {"id": "inlet_CEUQJSy3", "outlet": 0}, "type": "-->"}, {"to": {"id": "__var_mM3xBmy9", "inlet": 1}, "from": {"id": "inlet_oIfESYtm", "outlet": 0}, "type": "-->"}], "objects": {"__var_mM3xBmy9": {"args": {}, "type": "__var", "properties": {"y": 60, "x": 13}, "annotations": {}}, "outlet_LhvOGgYZ": {"args": {"index": 0, "type": "-->", "name": ""}, "type": "outlet", "properties": {"y": 90, "x": 13}}, "comment_IQhbXapK": {"args": {"text": "@hv_arg \\$1 k float 0 false"}, "type": "comment", "properties": {"y": 119, "x": 11}, "annotations": {}}, "inlet_CEUQJSy3": {"args": {"index": 0, "type": "-->", "name": ""}, "type": "inlet", "properties": {"y": 20, "x": 13}}, "inlet_oIfESYtm": {"args": {"index": 1, "type": "-->", "name": ""}, "type": "inlet", "properties": {"y": 20, "x": 124}}}, "type": "graph", "properties": {"y": 569, "x": 137}}, "-_LfeDV0Ha": {"args": {"k": 0.0}, "type": "-", "properties": {"y": 449, "x": 148}}, "graph_bie9quUN": {"imports": [], "args": [], "connections": [{"to": {"id": "outlet_Zsc3nLME", "inlet": 0}, "from": {"id": "r_wpPTJcsA", "outlet": 0}, "type": "-->"}], "objects": {"outlet_Zsc3nLME": {"args": {"index": 0, "type": "-->", "name": ""}, "type": "outlet", "properties": {"y": 34, "x": 12}}, "comment_OgHgzh5E": {"args": {"text": "@hv_arg \\$1 priority int 0 false"}, "type": "comment", "properties": {"y": 58, "x": 12}, "annotations": {}}, "r_wpPTJcsA": {"args": {"extern": null, "attributes": {}, "name": "__hv_init", "priority": 2996}, "type": "receive", "properties": {"y": 11, "x": 12}, "annotations": {"scope": "public"}}}, "type": "graph", "properties": {"y": 71, "x": 413}}, "/_QwpZsQoR": {"args": {"k": 1000.0}, "type": "/", "properties": {"y": 363, "x": 465}}, "inlet_kOKEQAj4": {"args": {"index": 2, "type": "-->", "name": ""}, "type": "inlet", "properties": {"y": 17, "x": 373}}, "<=_uWbt1loa": {"args": {"k": 0.0}, "type": "<=", "properties": {"y": 479, "x": 118}}, "comment_9txSehWW": {"args": {"text": "num samples to target"}, "type": "comment", "properties": {"y": 316, "x": 482}, "annotations": {}}, "outlet_l25bbaGN": {"args": {"index": 0, "type": "-->", "name": ""}, "type": "outlet", "properties": {"y": 709, "x": 118}}, "msg_c4MMpQIV": {"args": {"remote": [], "local": [["20"]]}, "type": "message", "properties": {"y": 167, "x": 373}}, "graph_ZrkwEZUJ": {"imports": [], "args": [], "connections": [{"to": {"id": "outlet_EHmqcgcO", "inlet": 0}, "from": {"id": "__var_NqdCst7a", "outlet": 0}, "type": "-->"}, {"to": {"id": "__var_NqdCst7a", "inlet": 0}, "from": {"id": "inlet_NYIQOkCC", "outlet": 0}, "type": "-->"}, {"to": {"id": "__var_NqdCst7a", "inlet": 1}, "from": {"id": "inlet_ePpM8KcV", "outlet": 0}, "type": "-->"}], "objects": {"outlet_EHmqcgcO": {"args": {"index": 0, "type": "-->", "name": ""}, "type": "outlet", "properties": {"y": 90, "x": 13}}, "inlet_NYIQOkCC": {"args": {"index": 0, "type": "-->", "name": ""}, "type": "inlet", "properties": {"y": 20, "x": 13}}, "comment_8FBlPbc9": {"args": {"text": "@hv_arg \\$1 k float 0 false"}, "type": "comment", "properties": {"y": 119, "x": 11}, "annotations": {}}, "inlet_ePpM8KcV": {"args": {"index": 1, "type": "-->", "name": ""}, "type": "inlet", "properties": {"y": 20, "x": 124}}, "__var_NqdCst7a": {"args": {}, "type": "__var", "properties": {"y": 60, "x": 13}, "annotations": {}}}, "type": "graph", "properties": {"y": 449, "x": 118}}, "*_WTzgOz0S": {"args": {"k": 0.0}, "type": "*", "properties": {"y": 341, "x": 464}}, "msg_5Vd3T6UA": {"args": {"remote": [], "local": [["0"]]}, "type": "message", "properties": {"y": 569, "x": 174}}, "-_c9bRxIQa": {"args": {"k": 0.0}, "type": "-", "properties": {"y": 306, "x": 190}}, "max_NTkQIfzb": {"args": {"k": 0.0}, "type": "max", "properties": {"y": 70, "x": 373}}, "trigger_SgDsNedF": {"args": {"casts": ["a", "a", "b"]}, "type": "sequence", "properties": {"y": 458, "x": 195}}, "graph_144TMwJt": {"imports": [], "args": [], "connections": [{"to": {"id": "outlet_GWDHBgoT", "inlet": 0}, "from": {"id": "__var_Qz17V4Rw", "outlet": 0}, "type": "-->"}, {"to": {"id": "__var_Qz17V4Rw", "inlet": 0}, "from": {"id": "inlet_JJgPcDJW", "outlet": 0}, "type": "-->"}, {"to": {"id": "__var_Qz17V4Rw", "inlet": 1}, "from": {"id": "inlet_aUfvtUnS", "outlet": 0}, "type": "-->"}], "objects": {"inlet_aUfvtUnS": {"args": {"index": 1, "type": "-->", "name": ""}, "type": "inlet", "properties": {"y": 20, "x": 124}}, "inlet_JJgPcDJW": {"args": {"index": 0, "type": "-->", "name": ""}, "type": "inlet", "properties": {"y": 20, "x": 13}}, "outlet_GWDHBgoT": {"args": {"index": 0, "type": "-->", "name": ""}, "type": "outlet", "properties": {"y": 90, "x": 13}}, "__var_Qz17V4Rw": {"args": {"k": 0.0}, "type": "__var", "properties": {"y": 60, "x": 13}, "annotations": {}}, "comment_VpucCthF": {"args": {"text": "@hv_arg \\$1 k float 0 false"}, "type": "comment", "properties": {"y": 119, "x": 11}, "annotations": {}}}, "type": "graph", "properties": {"y": 232, "x": 150}}, "*_8WwrJYTB": {"args": {"k": 0.0}, "type": "*", "properties": {"y": 293, "x": 437}}, "msg_re25LWZT": {"args": {"remote": [], "local": [["1"]]}, "type": "message", "properties": {"y": 378, "x": 118}}, "trigger_zB9CSWPm": {"args": {"casts": ["b", "b"]}, "type": "sequence", "properties": {"y": 539, "x": 137}}, "graph_BQhN1FIB": {"imports": [], "args": [], "connections": [{"to": {"id": "msg_4OV6GTbi", "inlet": 0}, "from": {"id": "inlet_pmZZ2mwv", "outlet": 0}, "type": "-->"}, {"to": {"id": "system_0I56Dnv9", "inlet": 0}, "from": {"id": "msg_4OV6GTbi", "outlet": 0}, "type": "-->"}, {"to": {"id": "outlet_UPCEsFQP", "inlet": 0}, "from": {"id": "system_0I56Dnv9", "outlet": 0}, "type": "-->"}], "objects": {"inlet_pmZZ2mwv": {"args": {"index": 0, "type": "-->", "name": ""}, "type": "inlet", "properties": {"y": 11, "x": 19}}, "system_0I56Dnv9": {"args": {}, "type": "system", "properties": {"y": 59, "x": 19}, "annotations": {}}, "outlet_UPCEsFQP": {"args": {"index": 0, "type": "-->", "name": ""}, "type": "outlet", "properties": {"y": 84, "x": 19}}, "msg_4OV6GTbi": {"args": {"remote": [], "local": [["samplerate"]]}, "type": "message", "properties": {"y": 35, "x": 19}}}, "type": "graph", "properties": {"y": 120, "x": 452}}, "/_1l5UeplO": {"args": {"k": 20.0}, "type": "/", "properties": {"y": 287, "x": 371}}, "trigger_286VtWOp": {"args": {"casts": ["f", "b"]}, "type": "sequence", "properties": {"y": 187, "x": 62}}, "comment_djJ0DAVE": {"args": {"text": "slope"}, "type": "comment", "properties": {"y": 460, "x": 295}, "annotations": {}}, "msg_VNoKmyqk": {"args": {"remote": [], "local": [["0"]]}, "type": "message", "properties": {"y": 93, "x": 103}}}, "type": "graph", "properties": {"y": 218, "x": 536}}, "graph_DgPBfSNE": {"imports": [], "args": [], "connections": [{"to": {"id": "graph_9YR240Dz", "inlet": 0}, "from": {"id": "inlet_1QYZgBI9", "outlet": 0}, "type": "-->"}, {"to": {"id": "graph_9YR240Dz", "inlet": 1}, "from": {"id": "==_InZDMqyt", "outlet": 0}, "type": "-->"}, {"to": {"id": "==_InZDMqyt", "inlet": 0}, "from": {"id": "graph_9YR240Dz", "outlet": 0}, "type": "-->"}, {"to": {"id": "outlet_W9tC64wn", "inlet": 0}, "from": {"id": "graph_9YR240Dz", "outlet": 0}, "type": "-->"}], "objects": {"inlet_1QYZgBI9": {"args": {"index": 0, "type": "-->", "name": ""}, "type": "inlet", "properties": {"y": 32, "x": 32}}, "==_InZDMqyt": {"args": {"k": 0.0}, "type": "==", "properties": {"y": 64, "x": 71}}, "graph_9YR240Dz": {"imports": [], "args": [], "connections": [{"to": {"id": "outlet_6VlJFSY4", "inlet": 0}, "from": {"id": "__var_OMzFStvQ", "outlet": 0}, "type": "-->"}, {"to": {"id": "__var_OMzFStvQ", "inlet": 0}, "from": {"id": "inlet_nQTXoKAH", "outlet": 0}, "type": "-->"}, {"to": {"id": "__var_OMzFStvQ", "inlet": 1}, "from": {"id": "inlet_PIfcJUZu", "outlet": 0}, "type": "-->"}], "objects": {"__var_OMzFStvQ": {"args": {"k": 1.0}, "type": "__var", "properties": {"y": 60, "x": 13}, "annotations": {}}, "outlet_6VlJFSY4": {"args": {"index": 0, "type": "-->", "name": ""}, "type": "outlet", "properties": {"y": 90, "x": 13}}, "inlet_nQTXoKAH": {"args": {"index": 0, "type": "-->", "name": ""}, "type": "inlet", "properties": {"y": 20, "x": 13}}, "comment_j3TC2JHH": {"args": {"text": "@hv_arg \\$1 k float 0 false"}, "type": "comment", "properties": {"y": 119, "x": 11}, "annotations": {}}, "inlet_PIfcJUZu": {"args": {"index": 1, "type": "-->", "name": ""}, "type": "inlet", "properties": {"y": 20, "x": 124}}}, "type": "graph", "properties": {"y": 64, "x": 32}}, "outlet_W9tC64wn": {"args": {"index": 0, "type": "-->", "name": ""}, "type": "outlet", "properties": {"y": 96, "x": 32}}}, "type": "graph", "properties": {"y": 17, "x": 36}}, "msg_ttxoa7au": {"args": {"remote": [], "local": [["135", "10"]]}, "type": "message", "properties": {"y": 151, "x": 333}}, "msg_vJmd0xPO": {"args": {"remote": [], "local": [["0", "200"]]}, "type": "message", "properties": {"y": 152, "x": 406}}, "graph_M3Yk478e": {"imports": [], "args": [], "connections": [{"to": {"id": "*~_zNsfnlmR", "inlet": 0}, "from": {"id": "*~_bliZyDr2", "outlet": 0}, "type": "~f>"}, {"to": {"id": "*~_SIJ5Ij9m", "inlet": 0}, "from": {"id": "*~_bliZyDr2", "outlet": 0}, "type": "~f>"}, {"to": {"id": "*~_E6zSOE9r", "inlet": 0}, "from": {"id": "*~_zNsfnlmR", "outlet": 0}, "type": "~f>"}, {"to": {"id": "*~_zNsfnlmR", "inlet": 1}, "from": {"id": "*~_HJzucuWk", "outlet": 0}, "type": "~f>"}, {"to": {"id": "*~_bliZyDr2", "inlet": 1}, "from": {"id": "*~_HJzucuWk", "outlet": 0}, "type": "~f>"}, {"to": {"id": "outlet~_ZDVBLKpB", "inlet": 0}, "from": {"id": "+~_u9pq4ZK8", "outlet": 0}, "type": "~f>"}, {"to": {"id": "-~_87SJpo0A", "inlet": 0}, "from": {"id": "graph_86NOEwf9", "outlet": 0}, "type": "~f>"}, {"to": {"id": "graph_86NOEwf9", "inlet": 0}, "from": {"id": "-~_pOY4t7YN", "outlet": 0}, "type": "~f>"}, {"to": {"id": "*~_HJzucuWk", "inlet": 0}, "from": {"id": "*~_AhWZiG80", "outlet": 0}, "type": "~f>"}, {"to": {"id": "*~_HJzucuWk", "inlet": 1}, "from": {"id": "*~_AhWZiG80", "outlet": 0}, "type": "~f>"}, {"to": {"id": "*~_bliZyDr2", "inlet": 0}, "from": {"id": "*~_AhWZiG80", "outlet": 0}, "type": "~f>"}, {"to": {"id": "+~_MWINSkbm", "inlet": 0}, "from": {"id": "*~_AhWZiG80", "outlet": 0}, "type": "~f>"}, {"to": {"id": "*~_AhWZiG80", "inlet": 0}, "from": {"id": "-~_87SJpo0A", "outlet": 0}, "type": "~f>"}, {"to": {"id": "phasor_k6SCRMWq", "inlet": 1}, "from": {"id": "inlet_Tt2Ori8O", "outlet": 0}, "type": "-->"}, {"to": {"id": "phasor_k6SCRMWq", "inlet": 0}, "from": {"id": "inlet_8YnvrsV5", "outlet": 0}, "type": "-~>"}, {"to": {"id": "+~_u9pq4ZK8", "inlet": 1}, "from": {"id": "*~_E6zSOE9r", "outlet": 0}, "type": "~f>"}, {"to": {"id": "-~_pOY4t7YN", "inlet": 0}, "from": {"id": "phasor_k6SCRMWq", "outlet": 0}, "type": "~f>"}, {"to": {"id": "+~_MWINSkbm", "inlet": 1}, "from": {"id": "*~_SIJ5Ij9m", "outlet": 0}, "type": "~f>"}, {"to": {"id": "+~_u9pq4ZK8", "inlet": 0}, "from": {"id": "+~_MWINSkbm", "outlet": 0}, "type": "~f>"}], "objects": {"*~_bliZyDr2": {"args": {"k": 0.0}, "type": "*", "properties": {"y": 178, "x": 33}}, "inlet_Tt2Ori8O": {"args": {"index": 1, "type": "-->", "name": ""}, "type": "inlet", "properties": {"y": 9, "x": 135}}, "*~_AhWZiG80": {"args": {"k": 6.283185307179586}, "type": "*", "properties": {"y": 122, "x": 18}}, "-~_pOY4t7YN": {"args": {"k": 0.5}, "type": "-", "properties": {"y": 56, "x": 18}}, "comment_FFKUcuXd": {"args": {"text": "a cosine oscillator"}, "type": "comment", "properties": {"y": 335, "x": 16}, "annotations": {}}, "phasor_k6SCRMWq": {"args": {}, "type": "phasor", "properties": {"y": 33, "x": 18}, "annotations": {}}, "*~_HJzucuWk": {"args": {"k": 0.0}, "type": "*", "properties": {"y": 154, "x": 48}}, "*~_zNsfnlmR": {"args": {"k": 0.0}, "type": "*", "properties": {"y": 231, "x": 44}}, "-~_87SJpo0A": {"args": {"k": 0.25}, "type": "-", "properties": {"y": 99, "x": 18}}, "+~_u9pq4ZK8": {"args": {"k": 0.0}, "type": "+", "properties": {"y": 276, "x": 18}}, "+~_MWINSkbm": {"args": {"k": 0.0}, "type": "+", "properties": {"y": 254, "x": 18}}, "comment_eLExvuPS": {"args": {"text": "@hv_arg \\$1 frequency float 440 false"}, "type": "comment", "properties": {"y": 320, "x": 17}, "annotations": {}}, "comment_Q4ziZgEq": {"args": {"text": "x^5"}, "type": "comment", "properties": {"y": 231, "x": 68}, "annotations": {}}, "graph_86NOEwf9": {"imports": [], "args": [], "connections": [{"to": {"id": "outlet~_ML3EpgWJ", "inlet": 0}, "from": {"id": "__abs~f_ebIPbXdd", "outlet": 0}, "type": "~f>"}, {"to": {"id": "__abs~f_ebIPbXdd", "inlet": 0}, "from": {"id": "inlet~_DwqMSI71", "outlet": 0}, "type": "~f>"}], "objects": {"__abs~f_ebIPbXdd": {"args": {}, "type": "__abs~f", "properties": {"y": 50, "x": 13}, "annotations": {}}, "outlet~_ML3EpgWJ": {"args": {"index": 0, "type": "~f>", "name": ""}, "type": "outlet", "properties": {"y": 80, "x": 13}}, "inlet~_DwqMSI71": {"args": {"index": 0, "type": "~f>", "name": ""}, "type": "inlet", "properties": {"y": 20, "x": 13}}}, "type": "graph", "properties": {"y": 78, "x": 18}}, "comment_WiDRBBkO": {"args": {"text": "[-0.25 \\, +0.25]"}, "type": "comment", "properties": {"y": 98, "x": 67}, "annotations": {}}, "*~_SIJ5Ij9m": {"args": {"k": -0.166666666666667}, "type": "*", "properties": {"y": 202, "x": 33}}, "outlet~_ZDVBLKpB": {"args": {"index": 0, "type": "~f>", "name": ""}, "type": "outlet", "properties": {"y": 299, "x": 18}}, "comment_97LW9QGy": {"args": {"text": "x^3"}, "type": "comment", "properties": {"y": 178, "x": 57}, "annotations": {}}, "comment_XXOcWD0o": {"args": {"text": "x"}, "type": "comment", "properties": {"y": 122, "x": 85}, "annotations": {}}, "inlet_8YnvrsV5": {"args": {"index": 0, "type": "-~>", "name": ""}, "type": "inlet", "properties": {"y": 9, "x": 18}}, "*~_E6zSOE9r": {"args": {"k": 0.007833333333333}, "type": "*", "properties": {"y": 255, "x": 44}}, "comment_MM171Aol": {"args": {"text": "-5% to adjust for taylor expansion"}, "type": "comment", "properties": {"y": 278, "x": 44}, "annotations": {}}, "comment_ZSI6m0XF": {"args": {"text": "x^2"}, "type": "comment", "properties": {"y": 153, "x": 74}, "annotations": {}}}, "type": "graph", "properties": {"y": 241, "x": 536}}, "graph_08bevHbk": {"imports": [], "args": [], "connections": [{"to": {"id": "__cast_b_Je71CUAx", "inlet": 0}, "from": {"id": "inlet_37OI2zaz", "outlet": 0}, "type": "-->"}, {"to": {"id": "outlet_YIx3eTm3", "inlet": 0}, "from": {"id": "__cast_b_Je71CUAx", "outlet": 0}, "type": "-->"}], "objects": {"inlet_37OI2zaz": {"args": {"index": 0, "type": "-->", "name": ""}, "type": "inlet", "properties": {"y": 10, "x": 9}}, "outlet_YIx3eTm3": {"args": {"index": 0, "type": "-->", "name": ""}, "type": "outlet", "properties": {"y": 57, "x": 9}}, "__cast_b_Je71CUAx": {"args": {}, "type": "__cast_b", "properties": {"y": 33, "x": 9}, "annotations": {}}}, "type": "graph", "properties": {"y": 45, "x": 408}}, "*~_x9zn2pYN": {"args": {"k": 0.6}, "type": "*", "properties": {"y": 262, "x": 564}}}, "type": "graph", "properties": {"y": 0, "x": 0}}