<?xml version="1.0" encoding="UTF-8"?>
<!--
Copyright (c) 2019 Enzien Audio, Ltd.

Redistribution and use in source and binary forms, with or without modification,
are permitted provided that the following conditions are met:

1. Redistributions of source code must retain the above copyright notice,
   this list of conditions, and the following disclaimer.

2. Redistributions in binary form must reproduce the phrase "powered by heavy",
   the heavy logo, and a hyperlink to https://enzienaudio.com, all in a visible
   form.

  2.1 If the Application is distributed in a store system (for example,
      the Apple "App Store" or "Google Play"), the phrase "powered by heavy"
      shall be included in the app description or the copyright text as well as
      the in the app itself. The heavy logo will shall be visible in the app
      itself as well.

THIS SOFTWARE IS PROVIDED BY THE COPYRIGHT HOLDERS AND CONTRIBUTORS "AS IS"
AND ANY EXPRESS OR IMPLIED WARRANTIES, INCLUDING, BUT NOT LIMITED TO,
THE IMPLIED WARRANTIES OF MERCHANTABILITY AND FITNESS FOR A PARTICULAR PURPOSE
ARE DISCLAIMED. IN NO EVENT SHALL THE COPYRIGHT HOLDER OR CONTRIBUTORS BE LIABLE
FOR ANY DIRECT, INDIRECT, INCIDENTAL, SPECIAL, EXEMPLARY, OR CONSEQUENTIAL
DAMAGES (INCLUDING, BUT NOT LIMITED TO, PROCUREMENT OF SUBSTITUTE GOODS OR
SERVICES; LOSS OF USE, DATA, OR PROFITS; OR BUSINESS INTERRUPTION) HOWEVER
CAUSED AND ON ANY THEORY OF LIABILITY, WHETHER IN CONTRACT, STRICT LIABILITY,
OR TORT (INCLUDING NEGLIGENCE OR OTHERWISE) ARISING IN ANY WAY OUT OF THE USE OF
THIS SOFTWARE, EVEN IF ADVISED OF THE POSSIBILITY OF SUCH DAMAGE.

-->
<PluginModule>
  <SourcePlugin Name="untitled_adf9e3cef0d1" CompanyID="64" PluginID="6335" EngineDllName="Hv_untitled_adf9e3cef0d1_WwiseSourcePlugin">
    <PluginInfo CanUnlink="true">
      <PlatformSupport>
        <Platform Name="Android"></Platform>
        <Platform Name="iOS"></Platform>
        <Platform Name="PS4"></Platform>
        <Platform Name="Linux"></Platform>
        <Platform Name="Mac"></Platform>
        <Platform Name="Windows"></Platform>
        <Platform Name="XboxOne"></Platform>
        </PlatformSupport>
    </PluginInfo>
  </SourcePlugin>
</PluginModule>
