{"win": {"x64": {"args": [["/property:Configuration=Release", "/property:Platform=x64", "/t:Rebuild", "Hv_untitled_adf9e3cef0d1_Unity.sln", "/m"]], "binaryDir": ["build", "win", "x64", "Release"], "projectDir": ["vs2015"]}, "x86": {"args": [["/property:Configuration=Release", "/property:Platform=x86", "/t:Rebuild", "Hv_untitled_adf9e3cef0d1_Unity.sln", "/m"]], "binaryDir": ["build", "win", "x86", "Release"], "projectDir": ["vs2015"]}}, "android": {"armv7a": {"args": [["APP_ABI=armeabi-v7a", "-j"]], "binaryDir": ["android", "libs", "armeabi-v7a"], "projectDir": ["android", "jni"]}}, "macos": {"x64": {"args": [["-project", "Hv_untitled_adf9e3cef0d1_Unity.xcodeproj", "-arch", "x86_64", "-alltargets"]], "binaryDir": ["build", "macos", "x86_64", "Release"], "projectDir": ["xcode"]}}, "linux": {"x64": {"args": [["-j"]], "binaryDir": ["build", "linux", "x64", "release"], "projectDir": ["linux"]}}}