{"win": {"x64": {"args": [["/property:Configuration=Release", "/property:Platform=x64", "/t:Rebuild", "untitled_adf9e3cef0d1.sln", "/m"]], "binaryDir": ["build", "win", "x64", "Release"], "projectDir": ["vs2015"]}, "x86": {"args": [["/property:Configuration=Release", "/property:Platform=x86", "/t:Rebuild", "untitled_adf9e3cef0d1.sln", "/m"]], "binaryDir": ["build", "win", "x86", "Release"], "projectDir": ["vs2015"]}}, "macos": {"x64": {"args": [["-project", "untitled_adf9e3cef0d1.xcodeproj", "-arch", "x86_64", "-alltargets"]], "binaryDir": ["build", "macos", "x86_64", "Release"], "projectDir": ["xcode"]}}, "linux": {"x64": {"args": [["-j"]], "binaryDir": ["build", "linux", "x64", "release"], "projectDir": ["linux"]}}}